label,run_id,allele,epoch,ic50_log10,ic50_nM,peptide,entropy
c01_mhcflurry_additive_max50k,dist-ba-clean-fix-c01,HLA-A*01:01,10,2.539223670959472,346.11749267578125,FLRYLLFGI,
c01_mhcflurry_additive_max50k,dist-ba-clean-fix-c01,HLA-A*01:01,10,2.856615781784057,718.8126831054688,IMLEGETKL,
c01_mhcflurry_additive_max50k,dist-ba-clean-fix-c01,HLA-A*01:01,10,4.150722026824951,14148.87109375,NFLIKFLLI,
c01_mhcflurry_additive_max50k,dist-ba-clean-fix-c01,HLA-A*01:01,10,2.410962581634521,257.6099548339844,SLLQHLIGL,
c01_mhcflurry_additive_max50k,dist-ba-clean-fix-c01,HLA-A*02:01,10,2.181923627853393,152.02798461914062,FLRYLLFGI,
c01_mhcflurry_additive_max50k,dist-ba-clean-fix-c01,HLA-A*02:01,10,2.543615102767944,349.6352233886719,IMLEGETKL,
c01_mhcflurry_additive_max50k,dist-ba-clean-fix-c01,HLA-A*02:01,10,4.067173957824707,11672.7734375,NFLIKFLLI,
c01_mhcflurry_additive_max50k,dist-ba-clean-fix-c01,HLA-A*02:01,10,2.040724039077759,109.83077239990234,SLLQHLIGL,
c01_mhcflurry_additive_max50k,dist-ba-clean-fix-c01,HLA-A*03:01,10,2.409546852111816,256.7715148925781,FLRYLLFGI,
c01_mhcflurry_additive_max50k,dist-ba-clean-fix-c01,HLA-A*03:01,10,2.744944334030151,555.8329467773438,IMLEGETKL,
c01_mhcflurry_additive_max50k,dist-ba-clean-fix-c01,HLA-A*03:01,10,4.123183250427246,13279.5439453125,NFLIKFLLI,
c01_mhcflurry_additive_max50k,dist-ba-clean-fix-c01,HLA-A*03:01,10,2.276481389999389,189.00843811035156,SLLQHLIGL,
c01_mhcflurry_additive_max50k,dist-ba-clean-fix-c01,HLA-A*11:01,10,2.362311124801635,230.30905151367188,FLRYLLFGI,
c01_mhcflurry_additive_max50k,dist-ba-clean-fix-c01,HLA-A*11:01,10,2.6943552494049072,494.71527099609375,IMLEGETKL,
c01_mhcflurry_additive_max50k,dist-ba-clean-fix-c01,HLA-A*11:01,10,4.09487247467041,12441.48828125,NFLIKFLLI,
c01_mhcflurry_additive_max50k,dist-ba-clean-fix-c01,HLA-A*11:01,10,2.231079816818237,170.24705505371094,SLLQHLIGL,
c01_mhcflurry_additive_max50k,dist-ba-clean-fix-c01,HLA-A*24:02,10,2.426645040512085,267.0821838378906,FLRYLLFGI,
c01_mhcflurry_additive_max50k,dist-ba-clean-fix-c01,HLA-A*24:02,10,2.761395454406738,577.2918090820312,IMLEGETKL,
c01_mhcflurry_additive_max50k,dist-ba-clean-fix-c01,HLA-A*24:02,10,4.1312575340271,13528.7392578125,NFLIKFLLI,
c01_mhcflurry_additive_max50k,dist-ba-clean-fix-c01,HLA-A*24:02,10,2.292593002319336,196.15216064453125,SLLQHLIGL,
c01_mhcflurry_additive_max50k,dist-ba-clean-fix-c01,HLA-B*07:02,10,2.409224271774292,256.5808410644531,FLRYLLFGI,
c01_mhcflurry_additive_max50k,dist-ba-clean-fix-c01,HLA-B*07:02,10,2.7315363883972172,538.9348754882812,IMLEGETKL,
c01_mhcflurry_additive_max50k,dist-ba-clean-fix-c01,HLA-B*07:02,10,4.091633319854736,12349.033203125,NFLIKFLLI,
c01_mhcflurry_additive_max50k,dist-ba-clean-fix-c01,HLA-B*07:02,10,2.281062364578247,191.01268005371094,SLLQHLIGL,
c01_mhcflurry_additive_max50k,dist-ba-clean-fix-c01,HLA-B*44:02,10,2.513298034667968,326.0602722167969,FLRYLLFGI,
c01_mhcflurry_additive_max50k,dist-ba-clean-fix-c01,HLA-B*44:02,10,2.826677083969116,670.9298095703125,IMLEGETKL,
c01_mhcflurry_additive_max50k,dist-ba-clean-fix-c01,HLA-B*44:02,10,4.125617504119873,13354.18359375,NFLIKFLLI,
c01_mhcflurry_additive_max50k,dist-ba-clean-fix-c01,HLA-B*44:02,10,2.389097929000854,244.96153259277344,SLLQHLIGL,
c02_mhcflurry_additive_max200k,dist-ba-clean-fix-c02,HLA-A*01:01,10,2.425210475921631,266.201416015625,FLRYLLFGI,
c02_mhcflurry_additive_max200k,dist-ba-clean-fix-c02,HLA-A*01:01,10,2.844633817672729,699.2520751953125,IMLEGETKL,
c02_mhcflurry_additive_max200k,dist-ba-clean-fix-c02,HLA-A*01:01,10,4.134181976318359,13620.1455078125,NFLIKFLLI,
c02_mhcflurry_additive_max200k,dist-ba-clean-fix-c02,HLA-A*01:01,10,2.294636249542236,197.0771026611328,SLLQHLIGL,
c02_mhcflurry_additive_max200k,dist-ba-clean-fix-c02,HLA-A*02:01,10,1.9922201633453371,98.22454833984375,FLRYLLFGI,
c02_mhcflurry_additive_max200k,dist-ba-clean-fix-c02,HLA-A*02:01,10,2.481152296066284,302.79742431640625,IMLEGETKL,
c02_mhcflurry_additive_max200k,dist-ba-clean-fix-c02,HLA-A*02:01,10,3.998568773269653,9967.099609375,NFLIKFLLI,
c02_mhcflurry_additive_max200k,dist-ba-clean-fix-c02,HLA-A*02:01,10,1.84645676612854,70.21932983398438,SLLQHLIGL,
c02_mhcflurry_additive_max200k,dist-ba-clean-fix-c02,HLA-A*03:01,10,2.272634267807007,187.34158325195312,FLRYLLFGI,
c02_mhcflurry_additive_max200k,dist-ba-clean-fix-c02,HLA-A*03:01,10,2.721506118774414,526.6307983398438,IMLEGETKL,
c02_mhcflurry_additive_max200k,dist-ba-clean-fix-c02,HLA-A*03:01,10,4.09410810470581,12419.61328125,NFLIKFLLI,
c02_mhcflurry_additive_max200k,dist-ba-clean-fix-c02,HLA-A*03:01,10,2.136090993881225,136.8015594482422,SLLQHLIGL,
c02_mhcflurry_additive_max200k,dist-ba-clean-fix-c02,HLA-A*11:01,10,2.168219089508056,147.3055419921875,FLRYLLFGI,
c02_mhcflurry_additive_max200k,dist-ba-clean-fix-c02,HLA-A*11:01,10,2.60921835899353,406.6476135253906,IMLEGETKL,
c02_mhcflurry_additive_max200k,dist-ba-clean-fix-c02,HLA-A*11:01,10,4.004693031311035,10108.6435546875,NFLIKFLLI,
c02_mhcflurry_additive_max200k,dist-ba-clean-fix-c02,HLA-A*11:01,10,2.03645920753479,108.75746154785156,SLLQHLIGL,
c02_mhcflurry_additive_max200k,dist-ba-clean-fix-c02,HLA-A*24:02,10,2.277904510498047,189.62889099121094,FLRYLLFGI,
c02_mhcflurry_additive_max200k,dist-ba-clean-fix-c02,HLA-A*24:02,10,2.727094411849975,533.4508666992188,IMLEGETKL,
c02_mhcflurry_additive_max200k,dist-ba-clean-fix-c02,HLA-A*24:02,10,4.099713325500488,12580.947265625,NFLIKFLLI,
c02_mhcflurry_additive_max200k,dist-ba-clean-fix-c02,HLA-A*24:02,10,2.139557361602783,137.8977508544922,SLLQHLIGL,
c02_mhcflurry_additive_max200k,dist-ba-clean-fix-c02,HLA-B*07:02,10,2.226172685623169,168.33432006835938,FLRYLLFGI,
c02_mhcflurry_additive_max200k,dist-ba-clean-fix-c02,HLA-B*07:02,10,2.647084951400757,443.6953430175781,IMLEGETKL,
c02_mhcflurry_additive_max200k,dist-ba-clean-fix-c02,HLA-B*07:02,10,3.987909078598022,9725.435546875,NFLIKFLLI,
c02_mhcflurry_additive_max200k,dist-ba-clean-fix-c02,HLA-B*07:02,10,2.098768949508667,125.5361557006836,SLLQHLIGL,
c02_mhcflurry_additive_max200k,dist-ba-clean-fix-c02,HLA-B*44:02,10,2.393338441848755,247.36500549316406,FLRYLLFGI,
c02_mhcflurry_additive_max200k,dist-ba-clean-fix-c02,HLA-B*44:02,10,2.798574686050415,628.89013671875,IMLEGETKL,
c02_mhcflurry_additive_max200k,dist-ba-clean-fix-c02,HLA-B*44:02,10,4.073184490203857,11835.4423828125,NFLIKFLLI,
c02_mhcflurry_additive_max200k,dist-ba-clean-fix-c02,HLA-B*44:02,10,2.268510341644287,185.57102966308594,SLLQHLIGL,
c03_log_mse_additive_max50k,dist-ba-clean-fix-c03,HLA-A*01:01,10,2.3063852787017822,202.48150634765625,FLRYLLFGI,
c03_log_mse_additive_max50k,dist-ba-clean-fix-c03,HLA-A*01:01,10,2.847046136856079,703.146728515625,IMLEGETKL,
c03_log_mse_additive_max50k,dist-ba-clean-fix-c03,HLA-A*01:01,10,4.246339797973633,17633.537109375,NFLIKFLLI,
c03_log_mse_additive_max50k,dist-ba-clean-fix-c03,HLA-A*01:01,10,2.172223806381225,148.67013549804688,SLLQHLIGL,
c03_log_mse_additive_max50k,dist-ba-clean-fix-c03,HLA-A*02:01,10,2.2509150505065922,178.20303344726562,FLRYLLFGI,
c03_log_mse_additive_max50k,dist-ba-clean-fix-c03,HLA-A*02:01,10,2.7917356491088863,619.0641479492188,IMLEGETKL,
c03_log_mse_additive_max50k,dist-ba-clean-fix-c03,HLA-A*02:01,10,4.195455551147461,15683.9599609375,NFLIKFLLI,
c03_log_mse_additive_max50k,dist-ba-clean-fix-c03,HLA-A*02:01,10,2.117655515670776,131.11593627929688,SLLQHLIGL,
c03_log_mse_additive_max50k,dist-ba-clean-fix-c03,HLA-A*03:01,10,2.285953760147094,193.1761932373047,FLRYLLFGI,
c03_log_mse_additive_max50k,dist-ba-clean-fix-c03,HLA-A*03:01,10,2.826402902603149,670.5062866210938,IMLEGETKL,
c03_log_mse_additive_max50k,dist-ba-clean-fix-c03,HLA-A*03:01,10,4.227793216705322,16896.36328125,NFLIKFLLI,
c03_log_mse_additive_max50k,dist-ba-clean-fix-c03,HLA-A*03:01,10,2.152270078659057,141.9940185546875,SLLQHLIGL,
c03_log_mse_additive_max50k,dist-ba-clean-fix-c03,HLA-A*11:01,10,2.27093768119812,186.61119079589844,FLRYLLFGI,
c03_log_mse_additive_max50k,dist-ba-clean-fix-c03,HLA-A*11:01,10,2.8110978603363033,647.2883911132812,IMLEGETKL,
c03_log_mse_additive_max50k,dist-ba-clean-fix-c03,HLA-A*11:01,10,4.212595462799072,16315.3125,NFLIKFLLI,
c03_log_mse_additive_max50k,dist-ba-clean-fix-c03,HLA-A*11:01,10,2.137460708618164,137.23367309570312,SLLQHLIGL,
c03_log_mse_additive_max50k,dist-ba-clean-fix-c03,HLA-A*24:02,10,2.305367231369018,202.00732421875,FLRYLLFGI,
c03_log_mse_additive_max50k,dist-ba-clean-fix-c03,HLA-A*24:02,10,2.846147060394287,701.6927490234375,IMLEGETKL,
c03_log_mse_additive_max50k,dist-ba-clean-fix-c03,HLA-A*24:02,10,4.246373176574707,17634.900390625,NFLIKFLLI,
c03_log_mse_additive_max50k,dist-ba-clean-fix-c03,HLA-A*24:02,10,2.171136379241943,148.29835510253906,SLLQHLIGL,
c03_log_mse_additive_max50k,dist-ba-clean-fix-c03,HLA-B*07:02,10,2.267508506774902,185.1434783935547,FLRYLLFGI,
c03_log_mse_additive_max50k,dist-ba-clean-fix-c03,HLA-B*07:02,10,2.805465459823608,638.9478759765625,IMLEGETKL,
c03_log_mse_additive_max50k,dist-ba-clean-fix-c03,HLA-B*07:02,10,4.20509672164917,16036.0087890625,NFLIKFLLI,
c03_log_mse_additive_max50k,dist-ba-clean-fix-c03,HLA-B*07:02,10,2.133883476257324,136.10797119140625,SLLQHLIGL,
c03_log_mse_additive_max50k,dist-ba-clean-fix-c03,HLA-B*44:02,10,2.297854661941528,198.54296875,FLRYLLFGI,
c03_log_mse_additive_max50k,dist-ba-clean-fix-c03,HLA-B*44:02,10,2.83614182472229,685.712158203125,IMLEGETKL,
c03_log_mse_additive_max50k,dist-ba-clean-fix-c03,HLA-B*44:02,10,4.234476566314697,17158.3828125,NFLIKFLLI,
c03_log_mse_additive_max50k,dist-ba-clean-fix-c03,HLA-B*44:02,10,2.163645029067993,145.76217651367188,SLLQHLIGL,
c04_log_mse_additive_max200k,dist-ba-clean-fix-c04,HLA-A*01:01,10,2.313003301620483,205.59060668945312,FLRYLLFGI,
c04_log_mse_additive_max200k,dist-ba-clean-fix-c04,HLA-A*01:01,10,2.846777200698852,702.7113647460938,IMLEGETKL,
c04_log_mse_additive_max200k,dist-ba-clean-fix-c04,HLA-A*01:01,10,4.250507831573486,17803.60546875,NFLIKFLLI,
c04_log_mse_additive_max200k,dist-ba-clean-fix-c04,HLA-A*01:01,10,2.189221620559692,154.60426330566406,SLLQHLIGL,
c04_log_mse_additive_max200k,dist-ba-clean-fix-c04,HLA-A*02:01,10,2.249076843261718,177.45034790039062,FLRYLLFGI,
c04_log_mse_additive_max200k,dist-ba-clean-fix-c04,HLA-A*02:01,10,2.782728672027588,606.3572998046875,IMLEGETKL,
c04_log_mse_additive_max200k,dist-ba-clean-fix-c04,HLA-A*02:01,10,4.191103458404541,15527.5634765625,NFLIKFLLI,
c04_log_mse_additive_max200k,dist-ba-clean-fix-c04,HLA-A*02:01,10,2.126430034637451,133.79193115234375,SLLQHLIGL,
c04_log_mse_additive_max200k,dist-ba-clean-fix-c04,HLA-A*03:01,10,2.283842802047729,192.23959350585938,FLRYLLFGI,
c04_log_mse_additive_max200k,dist-ba-clean-fix-c04,HLA-A*03:01,10,2.8171663284301762,656.3963012695312,IMLEGETKL,
c04_log_mse_additive_max200k,dist-ba-clean-fix-c04,HLA-A*03:01,10,4.223326683044434,16723.474609375,NFLIKFLLI,
c04_log_mse_additive_max200k,dist-ba-clean-fix-c04,HLA-A*03:01,10,2.1607506275177,144.79403686523438,SLLQHLIGL,
c04_log_mse_additive_max200k,dist-ba-clean-fix-c04,HLA-A*11:01,10,2.264529943466186,183.87799072265625,FLRYLLFGI,
c04_log_mse_additive_max200k,dist-ba-clean-fix-c04,HLA-A*11:01,10,2.797379732131958,627.1617431640625,IMLEGETKL,
c04_log_mse_additive_max200k,dist-ba-clean-fix-c04,HLA-A*11:01,10,4.203694820404053,15984.3525390625,NFLIKFLLI,
c04_log_mse_additive_max200k,dist-ba-clean-fix-c04,HLA-A*11:01,10,2.141684532165527,138.57484436035156,SLLQHLIGL,
c04_log_mse_additive_max200k,dist-ba-clean-fix-c04,HLA-A*24:02,10,2.316120624542236,207.07156372070312,FLRYLLFGI,
c04_log_mse_additive_max200k,dist-ba-clean-fix-c04,HLA-A*24:02,10,2.8501770496368413,708.234375,IMLEGETKL,
c04_log_mse_additive_max200k,dist-ba-clean-fix-c04,HLA-A*24:02,10,4.254770755767822,17979.203125,NFLIKFLLI,
c04_log_mse_additive_max200k,dist-ba-clean-fix-c04,HLA-A*24:02,10,2.192278861999511,155.69656372070312,SLLQHLIGL,
c04_log_mse_additive_max200k,dist-ba-clean-fix-c04,HLA-B*07:02,10,2.256504535675049,180.51136779785156,FLRYLLFGI,
c04_log_mse_additive_max200k,dist-ba-clean-fix-c04,HLA-B*07:02,10,2.787004947662353,612.3573608398438,IMLEGETKL,
c04_log_mse_additive_max200k,dist-ba-clean-fix-c04,HLA-B*07:02,10,4.191403388977051,15538.302734375,NFLIKFLLI,
c04_log_mse_additive_max200k,dist-ba-clean-fix-c04,HLA-B*07:02,10,2.133548736572265,136.00302124023438,SLLQHLIGL,
c04_log_mse_additive_max200k,dist-ba-clean-fix-c04,HLA-B*44:02,10,2.291970252990722,195.87095642089844,FLRYLLFGI,
c04_log_mse_additive_max200k,dist-ba-clean-fix-c04,HLA-B*44:02,10,2.823021411895752,665.3059692382812,IMLEGETKL,
c04_log_mse_additive_max200k,dist-ba-clean-fix-c04,HLA-B*44:02,10,4.226210117340088,16834.869140625,NFLIKFLLI,
c04_log_mse_additive_max200k,dist-ba-clean-fix-c04,HLA-B*44:02,10,2.168355703353882,147.3518829345703,SLLQHLIGL,
c05_twohot_d2_logit_max50k_K64,dist-ba-clean-fix-c05,HLA-A*01:01,10,2.112886190414428,129.68394470214844,FLRYLLFGI,3.846108198165893
c05_twohot_d2_logit_max50k_K64,dist-ba-clean-fix-c05,HLA-A*01:01,10,2.822489738464355,664.4918823242188,IMLEGETKL,3.606685638427734
c05_twohot_d2_logit_max50k_K64,dist-ba-clean-fix-c05,HLA-A*01:01,10,4.17554759979248,14981.2314453125,NFLIKFLLI,2.348752737045288
c05_twohot_d2_logit_max50k_K64,dist-ba-clean-fix-c05,HLA-A*01:01,10,2.2184946537017822,165.38438415527344,SLLQHLIGL,3.879674911499023
c05_twohot_d2_logit_max50k_K64,dist-ba-clean-fix-c05,HLA-A*02:01,10,2.047638177871704,111.5932846069336,FLRYLLFGI,3.873821973800659
c05_twohot_d2_logit_max50k_K64,dist-ba-clean-fix-c05,HLA-A*02:01,10,2.757203340530395,571.746337890625,IMLEGETKL,3.6783111095428462
c05_twohot_d2_logit_max50k_K64,dist-ba-clean-fix-c05,HLA-A*02:01,10,4.150708675384521,14148.4404296875,NFLIKFLLI,2.439127445220947
c05_twohot_d2_logit_max50k_K64,dist-ba-clean-fix-c05,HLA-A*02:01,10,2.157892942428589,143.8443603515625,SLLQHLIGL,3.909371852874756
c05_twohot_d2_logit_max50k_K64,dist-ba-clean-fix-c05,HLA-A*03:01,10,2.109294891357422,128.61595153808594,FLRYLLFGI,3.847512722015381
c05_twohot_d2_logit_max50k_K64,dist-ba-clean-fix-c05,HLA-A*03:01,10,2.826654195785522,670.8944702148438,IMLEGETKL,3.604976177215576
c05_twohot_d2_logit_max50k_K64,dist-ba-clean-fix-c05,HLA-A*03:01,10,4.1805195808410645,15153.732421875,NFLIKFLLI,2.3346304893493652
c05_twohot_d2_logit_max50k_K64,dist-ba-clean-fix-c05,HLA-A*03:01,10,2.216326713562011,164.5608367919922,SLLQHLIGL,3.881030797958374
c05_twohot_d2_logit_max50k_K64,dist-ba-clean-fix-c05,HLA-A*11:01,10,2.098241567611694,125.38382720947266,FLRYLLFGI,3.851094722747802
c05_twohot_d2_logit_max50k_K64,dist-ba-clean-fix-c05,HLA-A*11:01,10,2.807318210601806,641.6793212890625,IMLEGETKL,3.620789527893066
c05_twohot_d2_logit_max50k_K64,dist-ba-clean-fix-c05,HLA-A*11:01,10,4.168184757232666,14729.3857421875,NFLIKFLLI,2.373014688491821
c05_twohot_d2_logit_max50k_K64,dist-ba-clean-fix-c05,HLA-A*11:01,10,2.204801082611084,160.25112915039062,SLLQHLIGL,3.885075807571411
c05_twohot_d2_logit_max50k_K64,dist-ba-clean-fix-c05,HLA-A*24:02,10,2.0935945510864262,124.04937744140625,FLRYLLFGI,3.852851390838623
c05_twohot_d2_logit_max50k_K64,dist-ba-clean-fix-c05,HLA-A*24:02,10,2.8061988353729252,640.0277709960938,IMLEGETKL,3.62469220161438
c05_twohot_d2_logit_max50k_K64,dist-ba-clean-fix-c05,HLA-A*24:02,10,4.1693363189697275,14768.4912109375,NFLIKFLLI,2.372941493988037
c05_twohot_d2_logit_max50k_K64,dist-ba-clean-fix-c05,HLA-A*24:02,10,2.201073884963989,158.8817138671875,SLLQHLIGL,3.887196779251098
c05_twohot_d2_logit_max50k_K64,dist-ba-clean-fix-c05,HLA-B*07:02,10,2.112947225570678,129.70213317871094,FLRYLLFGI,3.847072601318359
c05_twohot_d2_logit_max50k_K64,dist-ba-clean-fix-c05,HLA-B*07:02,10,2.819753646850586,660.3187866210938,IMLEGETKL,3.609485149383545
c05_twohot_d2_logit_max50k_K64,dist-ba-clean-fix-c05,HLA-B*07:02,10,4.172365665435791,14871.8564453125,NFLIKFLLI,2.359543800354004
c05_twohot_d2_logit_max50k_K64,dist-ba-clean-fix-c05,HLA-B*07:02,10,2.218265771865844,165.29730224609375,SLLQHLIGL,3.880817413330078
c05_twohot_d2_logit_max50k_K64,dist-ba-clean-fix-c05,HLA-B*44:02,10,2.141421794891357,138.49107360839844,FLRYLLFGI,3.835023403167724
c05_twohot_d2_logit_max50k_K64,dist-ba-clean-fix-c05,HLA-B*44:02,10,2.861361503601074,726.7105712890625,IMLEGETKL,3.570923328399658
c05_twohot_d2_logit_max50k_K64,dist-ba-clean-fix-c05,HLA-B*44:02,10,4.196254253387451,15712.826171875,NFLIKFLLI,2.283473253250122
c05_twohot_d2_logit_max50k_K64,dist-ba-clean-fix-c05,HLA-B*44:02,10,2.246551752090454,176.4215850830078,SLLQHLIGL,3.867926120758056
c06_twohot_d2_logit_max50k_K128,dist-ba-clean-fix-c06,HLA-A*01:01,10,2.044797897338867,110.86585998535156,FLRYLLFGI,4.447213649749756
c06_twohot_d2_logit_max50k_K128,dist-ba-clean-fix-c06,HLA-A*01:01,10,2.916171312332153,824.4632568359375,IMLEGETKL,4.122495174407959
c06_twohot_d2_logit_max50k_K128,dist-ba-clean-fix-c06,HLA-A*01:01,10,4.271688461303711,18693.40234375,NFLIKFLLI,2.293617248535156
c06_twohot_d2_logit_max50k_K128,dist-ba-clean-fix-c06,HLA-A*01:01,10,2.108376026153564,128.34410095214844,SLLQHLIGL,4.430838584899902
c06_twohot_d2_logit_max50k_K128,dist-ba-clean-fix-c06,HLA-A*02:01,10,1.9816216230392452,95.85652160644531,FLRYLLFGI,4.489029884338379
c06_twohot_d2_logit_max50k_K128,dist-ba-clean-fix-c06,HLA-A*02:01,10,2.83440351486206,682.9725952148438,IMLEGETKL,4.232982635498047
c06_twohot_d2_logit_max50k_K128,dist-ba-clean-fix-c06,HLA-A*02:01,10,4.239601135253906,17362.04296875,NFLIKFLLI,2.420284271240234
c06_twohot_d2_logit_max50k_K128,dist-ba-clean-fix-c06,HLA-A*02:01,10,2.04292893409729,110.38978576660156,SLLQHLIGL,4.477835655212402
c06_twohot_d2_logit_max50k_K128,dist-ba-clean-fix-c06,HLA-A*03:01,10,2.029145717620849,106.94131469726562,FLRYLLFGI,4.457059860229492
c06_twohot_d2_logit_max50k_K128,dist-ba-clean-fix-c06,HLA-A*03:01,10,2.897360324859619,789.5150146484375,IMLEGETKL,4.146886825561523
c06_twohot_d2_logit_max50k_K128,dist-ba-clean-fix-c06,HLA-A*03:01,10,4.266588687896728,18475.185546875,NFLIKFLLI,2.312898397445678
c06_twohot_d2_logit_max50k_K128,dist-ba-clean-fix-c06,HLA-A*03:01,10,2.092478990554809,123.73112487792969,SLLQHLIGL,4.441708564758301
c06_twohot_d2_logit_max50k_K128,dist-ba-clean-fix-c06,HLA-A*11:01,10,2.036861181259155,108.85816955566406,FLRYLLFGI,4.45206356048584
c06_twohot_d2_logit_max50k_K128,dist-ba-clean-fix-c06,HLA-A*11:01,10,2.905023574829101,803.5693359375,IMLEGETKL,4.136995315551758
c06_twohot_d2_logit_max50k_K128,dist-ba-clean-fix-c06,HLA-A*11:01,10,4.267714500427246,18523.138671875,NFLIKFLLI,2.308969497680664
c06_twohot_d2_logit_max50k_K128,dist-ba-clean-fix-c06,HLA-A*11:01,10,2.100136280059814,125.93203735351562,SLLQHLIGL,4.43634033203125
c06_twohot_d2_logit_max50k_K128,dist-ba-clean-fix-c06,HLA-A*24:02,10,2.014206886291504,103.32534790039062,FLRYLLFGI,4.467709541320801
c06_twohot_d2_logit_max50k_K128,dist-ba-clean-fix-c06,HLA-A*24:02,10,2.8770043849945073,753.36328125,IMLEGETKL,4.175690650939941
c06_twohot_d2_logit_max50k_K128,dist-ba-clean-fix-c06,HLA-A*24:02,10,4.256346702575684,18044.568359375,NFLIKFLLI,2.35460090637207
c06_twohot_d2_logit_max50k_K128,dist-ba-clean-fix-c06,HLA-A*24:02,10,2.076533079147339,119.2705078125,SLLQHLIGL,4.453817844390869
c06_twohot_d2_logit_max50k_K128,dist-ba-clean-fix-c06,HLA-B*07:02,10,2.038863658905029,109.36125946044922,FLRYLLFGI,4.452906608581543
c06_twohot_d2_logit_max50k_K128,dist-ba-clean-fix-c06,HLA-B*07:02,10,2.906853437423706,806.9625854492188,IMLEGETKL,4.135554313659668
c06_twohot_d2_logit_max50k_K128,dist-ba-clean-fix-c06,HLA-B*07:02,10,4.267659187316894,18520.7890625,NFLIKFLLI,2.309816598892212
c06_twohot_d2_logit_max50k_K128,dist-ba-clean-fix-c06,HLA-B*07:02,10,2.102294683456421,126.55947875976562,SLLQHLIGL,4.436951637268066
c06_twohot_d2_logit_max50k_K128,dist-ba-clean-fix-c06,HLA-B*44:02,10,2.039180755615234,109.44113159179688,FLRYLLFGI,4.45313835144043
c06_twohot_d2_logit_max50k_K128,dist-ba-clean-fix-c06,HLA-B*44:02,10,2.909566164016723,812.0187377929688,IMLEGETKL,4.13142204284668
c06_twohot_d2_logit_max50k_K128,dist-ba-clean-fix-c06,HLA-B*44:02,10,4.271590232849121,18689.177734375,NFLIKFLLI,2.294633388519287
c06_twohot_d2_logit_max50k_K128,dist-ba-clean-fix-c06,HLA-B*44:02,10,2.102720260620117,126.68350219726562,SLLQHLIGL,4.437024593353271
c07_twohot_d2_logit_max200k_K64,dist-ba-clean-fix-c07,HLA-A*01:01,10,2.257634162902832,180.9815216064453,FLRYLLFGI,3.9681215286254883
c07_twohot_d2_logit_max200k_K64,dist-ba-clean-fix-c07,HLA-A*01:01,10,3.051976203918457,1127.1357421875,IMLEGETKL,3.928122043609619
c07_twohot_d2_logit_max200k_K64,dist-ba-clean-fix-c07,HLA-A*01:01,10,4.393925189971924,24769.927734375,NFLIKFLLI,3.243715763092041
c07_twohot_d2_logit_max200k_K64,dist-ba-clean-fix-c07,HLA-A*01:01,10,2.382394313812256,241.20932006835938,SLLQHLIGL,3.986376523971557
c07_twohot_d2_logit_max200k_K64,dist-ba-clean-fix-c07,HLA-A*02:01,10,2.170856952667236,148.20298767089844,FLRYLLFGI,3.966616630554199
c07_twohot_d2_logit_max200k_K64,dist-ba-clean-fix-c07,HLA-A*02:01,10,2.988922119140625,974.8146362304688,IMLEGETKL,3.959496021270752
c07_twohot_d2_logit_max200k_K64,dist-ba-clean-fix-c07,HLA-A*02:01,10,4.384087562561035,24215.154296875,NFLIKFLLI,3.267064094543457
c07_twohot_d2_logit_max200k_K64,dist-ba-clean-fix-c07,HLA-A*02:01,10,2.301844835281372,200.3755340576172,SLLQHLIGL,3.98773980140686
c07_twohot_d2_logit_max200k_K64,dist-ba-clean-fix-c07,HLA-A*03:01,10,2.250697374343872,178.11367797851562,FLRYLLFGI,3.967335700988769
c07_twohot_d2_logit_max200k_K64,dist-ba-clean-fix-c07,HLA-A*03:01,10,3.052763700485229,1129.18115234375,IMLEGETKL,3.928096771240234
c07_twohot_d2_logit_max200k_K64,dist-ba-clean-fix-c07,HLA-A*03:01,10,4.398648738861084,25040.822265625,NFLIKFLLI,3.237572193145752
c07_twohot_d2_logit_max200k_K64,dist-ba-clean-fix-c07,HLA-A*03:01,10,2.377705574035644,238.61923217773438,SLLQHLIGL,3.9853582382202153
c07_twohot_d2_logit_max200k_K64,dist-ba-clean-fix-c07,HLA-A*11:01,10,2.252806186676025,178.98062133789062,FLRYLLFGI,3.9676966667175293
c07_twohot_d2_logit_max200k_K64,dist-ba-clean-fix-c07,HLA-A*11:01,10,3.053505659103393,1131.111572265625,IMLEGETKL,3.9276773929595943
c07_twohot_d2_logit_max200k_K64,dist-ba-clean-fix-c07,HLA-A*11:01,10,4.395833969116211,24879.046875,NFLIKFLLI,3.241546630859375
c07_twohot_d2_logit_max200k_K64,dist-ba-clean-fix-c07,HLA-A*11:01,10,2.379059076309204,239.36410522460938,SLLQHLIGL,3.985969066619873
c07_twohot_d2_logit_max200k_K64,dist-ba-clean-fix-c07,HLA-A*24:02,10,2.2260184288024902,168.2745819091797,FLRYLLFGI,3.968767404556274
c07_twohot_d2_logit_max200k_K64,dist-ba-clean-fix-c07,HLA-A*24:02,10,3.031749010086059,1075.8427734375,IMLEGETKL,3.940340995788574
c07_twohot_d2_logit_max200k_K64,dist-ba-clean-fix-c07,HLA-A*24:02,10,4.387768268585205,24421.265625,NFLIKFLLI,3.257516384124756
c07_twohot_d2_logit_max200k_K64,dist-ba-clean-fix-c07,HLA-A*24:02,10,2.353240013122558,225.5484619140625,SLLQHLIGL,3.988276004791259
c07_twohot_d2_logit_max200k_K64,dist-ba-clean-fix-c07,HLA-B*07:02,10,2.272755622863769,187.39390563964844,FLRYLLFGI,3.966289758682251
c07_twohot_d2_logit_max200k_K64,dist-ba-clean-fix-c07,HLA-B*07:02,10,3.063999414443969,1158.775390625,IMLEGETKL,3.919390201568603
c07_twohot_d2_logit_max200k_K64,dist-ba-clean-fix-c07,HLA-B*07:02,10,4.398526668548584,25033.80078125,NFLIKFLLI,3.2340750694274902
c07_twohot_d2_logit_max200k_K64,dist-ba-clean-fix-c07,HLA-B*07:02,10,2.396394252777099,249.11175537109375,SLLQHLIGL,3.984579563140869
c07_twohot_d2_logit_max200k_K64,dist-ba-clean-fix-c07,HLA-B*44:02,10,2.281289577484131,191.11273193359375,FLRYLLFGI,3.9659423828125
c07_twohot_d2_logit_max200k_K64,dist-ba-clean-fix-c07,HLA-B*44:02,10,3.075931549072265,1191.0540771484375,IMLEGETKL,3.914111614227295
c07_twohot_d2_logit_max200k_K64,dist-ba-clean-fix-c07,HLA-B*44:02,10,4.413607597351074,25918.333984375,NFLIKFLLI,3.20868968963623
c07_twohot_d2_logit_max200k_K64,dist-ba-clean-fix-c07,HLA-B*44:02,10,2.406869888305664,255.19366455078125,SLLQHLIGL,3.982453107833862
c08_twohot_d2_logit_max200k_K128,dist-ba-clean-fix-c08,HLA-A*01:01,10,1.944494366645813,88.0023422241211,FLRYLLFGI,4.639457702636719
c08_twohot_d2_logit_max200k_K128,dist-ba-clean-fix-c08,HLA-A*01:01,10,2.793280839920044,621.2704467773438,IMLEGETKL,4.721268177032471
c08_twohot_d2_logit_max200k_K128,dist-ba-clean-fix-c08,HLA-A*01:01,10,4.309755802154541,20405.888671875,NFLIKFLLI,4.007043838500977
c08_twohot_d2_logit_max200k_K128,dist-ba-clean-fix-c08,HLA-A*01:01,10,2.076216220855713,119.18348693847656,SLLQHLIGL,4.675156593322754
c08_twohot_d2_logit_max200k_K128,dist-ba-clean-fix-c08,HLA-A*02:01,10,1.908092617988586,80.92683410644531,FLRYLLFGI,4.63421630859375
c08_twohot_d2_logit_max200k_K128,dist-ba-clean-fix-c08,HLA-A*02:01,10,2.750827550888061,563.413818359375,IMLEGETKL,4.732692718505859
c08_twohot_d2_logit_max200k_K128,dist-ba-clean-fix-c08,HLA-A*02:01,10,4.295649528503418,19753.736328125,NFLIKFLLI,4.025595188140869
c08_twohot_d2_logit_max200k_K128,dist-ba-clean-fix-c08,HLA-A*02:01,10,2.038791179656982,109.34300994873047,SLLQHLIGL,4.671364784240723
c08_twohot_d2_logit_max200k_K128,dist-ba-clean-fix-c08,HLA-A*03:01,10,1.9356827735900881,86.23482513427734,FLRYLLFGI,4.638185024261475
c08_twohot_d2_logit_max200k_K128,dist-ba-clean-fix-c08,HLA-A*03:01,10,2.784279346466064,608.5260009765625,IMLEGETKL,4.723659515380859
c08_twohot_d2_logit_max200k_K128,dist-ba-clean-fix-c08,HLA-A*03:01,10,4.308178424835205,20331.896484375,NFLIKFLLI,4.008129596710205
c08_twohot_d2_logit_max200k_K128,dist-ba-clean-fix-c08,HLA-A*03:01,10,2.067511796951294,116.81852722167969,SLLQHLIGL,4.67412519454956
c08_twohot_d2_logit_max200k_K128,dist-ba-clean-fix-c08,HLA-A*11:01,10,1.9396940469741821,87.0350112915039,FLRYLLFGI,4.638450622558594
c08_twohot_d2_logit_max200k_K128,dist-ba-clean-fix-c08,HLA-A*11:01,10,2.787391901016235,612.9030151367188,IMLEGETKL,4.722061634063721
c08_twohot_d2_logit_max200k_K128,dist-ba-clean-fix-c08,HLA-A*11:01,10,4.307951927185059,20321.330078125,NFLIKFLLI,4.008116245269775
c08_twohot_d2_logit_max200k_K128,dist-ba-clean-fix-c08,HLA-A*11:01,10,2.071453332901001,117.883544921875,SLLQHLIGL,4.674346923828125
c08_twohot_d2_logit_max200k_K128,dist-ba-clean-fix-c08,HLA-A*24:02,10,1.929976463317871,85.10918426513672,FLRYLLFGI,4.637369155883789
c08_twohot_d2_logit_max200k_K128,dist-ba-clean-fix-c08,HLA-A*24:02,10,2.773566246032715,593.6986694335938,IMLEGETKL,4.726274967193603
c08_twohot_d2_logit_max200k_K128,dist-ba-clean-fix-c08,HLA-A*24:02,10,4.299601078033447,19934.3046875,NFLIKFLLI,4.021361351013184
c08_twohot_d2_logit_max200k_K128,dist-ba-clean-fix-c08,HLA-A*24:02,10,2.060702562332153,115.00126647949219,SLLQHLIGL,4.673732280731201
c08_twohot_d2_logit_max200k_K128,dist-ba-clean-fix-c08,HLA-B*07:02,10,1.937108397483825,86.51835632324219,FLRYLLFGI,4.6382551193237305
c08_twohot_d2_logit_max200k_K128,dist-ba-clean-fix-c08,HLA-B*07:02,10,2.782721281051635,606.34716796875,IMLEGETKL,4.723774909973144
c08_twohot_d2_logit_max200k_K128,dist-ba-clean-fix-c08,HLA-B*07:02,10,4.306541442871094,20255.42578125,NFLIKFLLI,4.012246131896973
c08_twohot_d2_logit_max200k_K128,dist-ba-clean-fix-c08,HLA-B*07:02,10,2.068421125411987,117.0633316040039,SLLQHLIGL,4.6742353439331055
c08_twohot_d2_logit_max200k_K128,dist-ba-clean-fix-c08,HLA-B*44:02,10,1.931749939918518,85.45745086669922,FLRYLLFGI,4.637383460998535
c08_twohot_d2_logit_max200k_K128,dist-ba-clean-fix-c08,HLA-B*44:02,10,2.77666163444519,597.9452514648438,IMLEGETKL,4.724947929382324
c08_twohot_d2_logit_max200k_K128,dist-ba-clean-fix-c08,HLA-B*44:02,10,4.306370258331299,20247.44921875,NFLIKFLLI,4.012089252471924
c08_twohot_d2_logit_max200k_K128,dist-ba-clean-fix-c08,HLA-B*44:02,10,2.062780141830444,115.55271911621094,SLLQHLIGL,4.673480033874512
c09_hlgauss_d2_logit_max50k_K64_s0.75,dist-ba-clean-fix-c09,HLA-A*01:01,10,2.039574861526489,109.54048919677734,FLRYLLFGI,3.877883911132812
c09_hlgauss_d2_logit_max50k_K64_s0.75,dist-ba-clean-fix-c09,HLA-A*01:01,10,2.801688432693481,633.4151000976562,IMLEGETKL,3.700397491455078
c09_hlgauss_d2_logit_max50k_K64_s0.75,dist-ba-clean-fix-c09,HLA-A*01:01,10,4.143758296966553,13923.8125,NFLIKFLLI,2.5957496166229252
c09_hlgauss_d2_logit_max50k_K64_s0.75,dist-ba-clean-fix-c09,HLA-A*01:01,10,2.143941879272461,139.29702758789062,SLLQHLIGL,3.932321548461914
c09_hlgauss_d2_logit_max50k_K64_s0.75,dist-ba-clean-fix-c09,HLA-A*02:01,10,1.9737875461578371,94.14289093017578,FLRYLLFGI,3.8982560634613033
c09_hlgauss_d2_logit_max50k_K64_s0.75,dist-ba-clean-fix-c09,HLA-A*02:01,10,2.742968082427978,553.3095703125,IMLEGETKL,3.760257005691528
c09_hlgauss_d2_logit_max50k_K64_s0.75,dist-ba-clean-fix-c09,HLA-A*02:01,10,4.122674465179443,13263.9931640625,NFLIKFLLI,2.6645500659942623
c09_hlgauss_d2_logit_max50k_K64_s0.75,dist-ba-clean-fix-c09,HLA-A*02:01,10,2.085396289825439,121.72962188720703,SLLQHLIGL,3.953040838241577
c09_hlgauss_d2_logit_max50k_K64_s0.75,dist-ba-clean-fix-c09,HLA-A*03:01,10,2.033561468124389,108.03423309326172,FLRYLLFGI,3.879327774047851
c09_hlgauss_d2_logit_max50k_K64_s0.75,dist-ba-clean-fix-c09,HLA-A*03:01,10,2.805068731307983,638.3640747070312,IMLEGETKL,3.699630737304687
c09_hlgauss_d2_logit_max50k_K64_s0.75,dist-ba-clean-fix-c09,HLA-A*03:01,10,4.148489475250244,14076.3359375,NFLIKFLLI,2.582250833511352
c09_hlgauss_d2_logit_max50k_K64_s0.75,dist-ba-clean-fix-c09,HLA-A*03:01,10,2.139794588088989,137.97317504882812,SLLQHLIGL,3.933756828308105
c09_hlgauss_d2_logit_max50k_K64_s0.75,dist-ba-clean-fix-c09,HLA-A*11:01,10,2.023065090179443,105.45448303222656,FLRYLLFGI,3.883330345153808
c09_hlgauss_d2_logit_max50k_K64_s0.75,dist-ba-clean-fix-c09,HLA-A*11:01,10,2.785048723220825,609.605224609375,IMLEGETKL,3.716654539108276
c09_hlgauss_d2_logit_max50k_K64_s0.75,dist-ba-clean-fix-c09,HLA-A*11:01,10,4.135421276092529,13659.0673828125,NFLIKFLLI,2.62244701385498
c09_hlgauss_d2_logit_max50k_K64_s0.75,dist-ba-clean-fix-c09,HLA-A*11:01,10,2.129209041595459,134.65078735351562,SLLQHLIGL,3.9377377033233643
c09_hlgauss_d2_logit_max50k_K64_s0.75,dist-ba-clean-fix-c09,HLA-A*24:02,10,2.016576290130615,103.89059448242188,FLRYLLFGI,3.8846006393432613
c09_hlgauss_d2_logit_max50k_K64_s0.75,dist-ba-clean-fix-c09,HLA-A*24:02,10,2.78383207321167,607.8999633789062,IMLEGETKL,3.719964504241943
c09_hlgauss_d2_logit_max50k_K64_s0.75,dist-ba-clean-fix-c09,HLA-A*24:02,10,4.137104988098144,13712.1259765625,NFLIKFLLI,2.620113372802734
c09_hlgauss_d2_logit_max50k_K64_s0.75,dist-ba-clean-fix-c09,HLA-A*24:02,10,2.124018669128418,133.0511474609375,SLLQHLIGL,3.939284801483154
c09_hlgauss_d2_logit_max50k_K64_s0.75,dist-ba-clean-fix-c09,HLA-B*07:02,10,2.037723064422607,109.074462890625,FLRYLLFGI,3.879470348358154
c09_hlgauss_d2_logit_max50k_K64_s0.75,dist-ba-clean-fix-c09,HLA-B*07:02,10,2.7965188026428223,625.919921875,IMLEGETKL,3.70552396774292
c09_hlgauss_d2_logit_max50k_K64_s0.75,dist-ba-clean-fix-c09,HLA-B*07:02,10,4.1390628814697275,13774.083984375,NFLIKFLLI,2.611581087112426
c09_hlgauss_d2_logit_max50k_K64_s0.75,dist-ba-clean-fix-c09,HLA-B*07:02,10,2.142167568206787,138.72901916503906,SLLQHLIGL,3.934031724929809
c09_hlgauss_d2_logit_max50k_K64_s0.75,dist-ba-clean-fix-c09,HLA-B*44:02,10,2.070209980010986,117.5465087890625,FLRYLLFGI,3.8669273853302
c09_hlgauss_d2_logit_max50k_K64_s0.75,dist-ba-clean-fix-c09,HLA-B*44:02,10,2.843350648880005,697.1891479492188,IMLEGETKL,3.662562370300293
c09_hlgauss_d2_logit_max50k_K64_s0.75,dist-ba-clean-fix-c09,HLA-B*44:02,10,4.165654182434082,14643.81640625,NFLIKFLLI,2.52847146987915
c09_hlgauss_d2_logit_max50k_K64_s0.75,dist-ba-clean-fix-c09,HLA-B*44:02,10,2.173176288604736,148.99658203125,SLLQHLIGL,3.921707391738891
c10_hlgauss_d2_logit_max50k_K128_s0.75,dist-ba-clean-fix-c10,HLA-A*01:01,10,2.046513319015503,111.30459594726562,FLRYLLFGI,4.443344116210937
c10_hlgauss_d2_logit_max50k_K128_s0.75,dist-ba-clean-fix-c10,HLA-A*01:01,10,2.874013423919677,748.1922607421875,IMLEGETKL,4.143503665924072
c10_hlgauss_d2_logit_max50k_K128_s0.75,dist-ba-clean-fix-c10,HLA-A*01:01,10,4.268556594848633,18559.0703125,NFLIKFLLI,2.527688026428222
c10_hlgauss_d2_logit_max50k_K128_s0.75,dist-ba-clean-fix-c10,HLA-A*01:01,10,2.076527595520019,119.2690200805664,SLLQHLIGL,4.441603183746338
c10_hlgauss_d2_logit_max50k_K128_s0.75,dist-ba-clean-fix-c10,HLA-A*02:01,10,1.9664771556854241,92.57144927978516,FLRYLLFGI,4.492551326751709
c10_hlgauss_d2_logit_max50k_K128_s0.75,dist-ba-clean-fix-c10,HLA-A*02:01,10,2.773117065429687,593.0850219726562,IMLEGETKL,4.268716812133789
c10_hlgauss_d2_logit_max50k_K128_s0.75,dist-ba-clean-fix-c10,HLA-A*02:01,10,4.233148097991943,17105.982421875,NFLIKFLLI,2.663455486297607
c10_hlgauss_d2_logit_max50k_K128_s0.75,dist-ba-clean-fix-c10,HLA-A*02:01,10,1.996191501617431,99.12687683105469,SLLQHLIGL,4.492702007293701
c10_hlgauss_d2_logit_max50k_K128_s0.75,dist-ba-clean-fix-c10,HLA-A*03:01,10,2.026749610900879,106.35297393798828,FLRYLLFGI,4.456360816955566
c10_hlgauss_d2_logit_max50k_K128_s0.75,dist-ba-clean-fix-c10,HLA-A*03:01,10,2.850627660751342,708.9696655273438,IMLEGETKL,4.173391342163086
c10_hlgauss_d2_logit_max50k_K128_s0.75,dist-ba-clean-fix-c10,HLA-A*03:01,10,4.262472152709961,18300.8828125,NFLIKFLLI,2.550024271011352
c10_hlgauss_d2_logit_max50k_K128_s0.75,dist-ba-clean-fix-c10,HLA-A*03:01,10,2.057040452957153,114.03559875488281,SLLQHLIGL,4.454910755157471
c10_hlgauss_d2_logit_max50k_K128_s0.75,dist-ba-clean-fix-c10,HLA-A*11:01,10,2.036586999893188,108.78951263427734,FLRYLLFGI,4.450479030609131
c10_hlgauss_d2_logit_max50k_K128_s0.75,dist-ba-clean-fix-c10,HLA-A*11:01,10,2.861021041870117,726.1409912109375,IMLEGETKL,4.160671710968018
c10_hlgauss_d2_logit_max50k_K128_s0.75,dist-ba-clean-fix-c10,HLA-A*11:01,10,4.26444673538208,18384.27734375,NFLIKFLLI,2.5436866283416752
c10_hlgauss_d2_logit_max50k_K128_s0.75,dist-ba-clean-fix-c10,HLA-A*11:01,10,2.066658973693847,116.58935546875,SLLQHLIGL,4.448966026306152
c10_hlgauss_d2_logit_max50k_K128_s0.75,dist-ba-clean-fix-c10,HLA-A*24:02,10,2.008788585662842,102.04425048828125,FLRYLLFGI,4.468001842498779
c10_hlgauss_d2_logit_max50k_K128_s0.75,dist-ba-clean-fix-c10,HLA-A*24:02,10,2.827428102493286,672.0908813476562,IMLEGETKL,4.203916072845459
c10_hlgauss_d2_logit_max50k_K128_s0.75,dist-ba-clean-fix-c10,HLA-A*24:02,10,4.252005100250244,17865.091796875,NFLIKFLLI,2.594588041305542
c10_hlgauss_d2_logit_max50k_K128_s0.75,dist-ba-clean-fix-c10,HLA-A*24:02,10,2.038627386093139,109.30176544189453,SLLQHLIGL,4.467160224914551
c10_hlgauss_d2_logit_max50k_K128_s0.75,dist-ba-clean-fix-c10,HLA-B*07:02,10,2.033581495285034,108.03922271728516,FLRYLLFGI,4.4532413482666025
c10_hlgauss_d2_logit_max50k_K128_s0.75,dist-ba-clean-fix-c10,HLA-B*07:02,10,2.856593132019043,718.7752075195312,IMLEGETKL,4.165727615356445
c10_hlgauss_d2_logit_max50k_K128_s0.75,dist-ba-clean-fix-c10,HLA-B*07:02,10,4.26246452331543,18300.552734375,NFLIKFLLI,2.550740242004394
c10_hlgauss_d2_logit_max50k_K128_s0.75,dist-ba-clean-fix-c10,HLA-B*07:02,10,2.063660621643066,115.78715515136719,SLLQHLIGL,4.451712131500244
c10_hlgauss_d2_logit_max50k_K128_s0.75,dist-ba-clean-fix-c10,HLA-B*44:02,10,2.030718088150024,107.3292236328125,FLRYLLFGI,4.453946590423584
c10_hlgauss_d2_logit_max50k_K128_s0.75,dist-ba-clean-fix-c10,HLA-B*44:02,10,2.8553814888000493,716.7725830078125,IMLEGETKL,4.165080547332764
c10_hlgauss_d2_logit_max50k_K128_s0.75,dist-ba-clean-fix-c10,HLA-B*44:02,10,4.2646164894104,18391.466796875,NFLIKFLLI,2.539835929870605
c10_hlgauss_d2_logit_max50k_K128_s0.75,dist-ba-clean-fix-c10,HLA-B*44:02,10,2.060983657836914,115.07569122314453,SLLQHLIGL,4.452317714691162
c11_hlgauss_d2_logit_max200k_K64_s0.75,dist-ba-clean-fix-c11,HLA-A*01:01,10,2.287235736846924,193.74729919433594,FLRYLLFGI,4.015797615051269
c11_hlgauss_d2_logit_max200k_K64_s0.75,dist-ba-clean-fix-c11,HLA-A*01:01,10,3.082888841629028,1210.2880859375,IMLEGETKL,3.973086357116699
c11_hlgauss_d2_logit_max200k_K64_s0.75,dist-ba-clean-fix-c11,HLA-A*01:01,10,4.371252059936523,23509.95703125,NFLIKFLLI,3.316654682159424
c11_hlgauss_d2_logit_max200k_K64_s0.75,dist-ba-clean-fix-c11,HLA-A*01:01,10,2.390037536621093,245.4921112060547,SLLQHLIGL,4.027825832366943
c11_hlgauss_d2_logit_max200k_K64_s0.75,dist-ba-clean-fix-c11,HLA-A*02:01,10,2.175676345825195,149.85675048828125,FLRYLLFGI,4.004807472229004
c11_hlgauss_d2_logit_max200k_K64_s0.75,dist-ba-clean-fix-c11,HLA-A*02:01,10,3.01543641090393,1036.1827392578125,IMLEGETKL,4.000388145446777
c11_hlgauss_d2_logit_max200k_K64_s0.75,dist-ba-clean-fix-c11,HLA-A*02:01,10,4.363736152648926,23106.58984375,NFLIKFLLI,3.332684993743896
c11_hlgauss_d2_logit_max200k_K64_s0.75,dist-ba-clean-fix-c11,HLA-A*02:01,10,2.28528881072998,192.88076782226562,SLLQHLIGL,4.021938323974609
c11_hlgauss_d2_logit_max200k_K64_s0.75,dist-ba-clean-fix-c11,HLA-A*03:01,10,2.273484945297241,187.7089385986328,FLRYLLFGI,4.013886451721191
c11_hlgauss_d2_logit_max200k_K64_s0.75,dist-ba-clean-fix-c11,HLA-A*03:01,10,3.081140756607055,1205.426513671875,IMLEGETKL,3.9740290641784672
c11_hlgauss_d2_logit_max200k_K64_s0.75,dist-ba-clean-fix-c11,HLA-A*03:01,10,4.376180648803711,23778.2734375,NFLIKFLLI,3.3114593029022212
c11_hlgauss_d2_logit_max200k_K64_s0.75,dist-ba-clean-fix-c11,HLA-A*03:01,10,2.378534793853759,239.0753173828125,SLLQHLIGL,4.026264190673828
c11_hlgauss_d2_logit_max200k_K64_s0.75,dist-ba-clean-fix-c11,HLA-A*11:01,10,2.27406907081604,187.9615936279297,FLRYLLFGI,4.014419078826904
c11_hlgauss_d2_logit_max200k_K64_s0.75,dist-ba-clean-fix-c11,HLA-A*11:01,10,3.078984022140503,1199.455078125,IMLEGETKL,3.974724292755127
c11_hlgauss_d2_logit_max200k_K64_s0.75,dist-ba-clean-fix-c11,HLA-A*11:01,10,4.372485637664795,23576.822265625,NFLIKFLLI,3.316184520721435
c11_hlgauss_d2_logit_max200k_K64_s0.75,dist-ba-clean-fix-c11,HLA-A*11:01,10,2.3783316612243652,238.9635009765625,SLLQHLIGL,4.027052402496338
c11_hlgauss_d2_logit_max200k_K64_s0.75,dist-ba-clean-fix-c11,HLA-A*24:02,10,2.240967273712158,174.16761779785156,FLRYLLFGI,4.012840270996094
c11_hlgauss_d2_logit_max200k_K64_s0.75,dist-ba-clean-fix-c11,HLA-A*24:02,10,3.058947324752807,1145.3734130859375,IMLEGETKL,3.9852266311645512
c11_hlgauss_d2_logit_max200k_K64_s0.75,dist-ba-clean-fix-c11,HLA-A*24:02,10,4.367272853851318,23295.533203125,NFLIKFLLI,3.326394081115722
c11_hlgauss_d2_logit_max200k_K64_s0.75,dist-ba-clean-fix-c11,HLA-A*24:02,10,2.346941947937011,222.30133056640625,SLLQHLIGL,4.027119636535644
c11_hlgauss_d2_logit_max200k_K64_s0.75,dist-ba-clean-fix-c11,HLA-B*07:02,10,2.299182891845703,199.15113830566406,FLRYLLFGI,4.015088081359863
c11_hlgauss_d2_logit_max200k_K64_s0.75,dist-ba-clean-fix-c11,HLA-B*07:02,10,3.089529752731323,1228.937255859375,IMLEGETKL,3.968104362487793
c11_hlgauss_d2_logit_max200k_K64_s0.75,dist-ba-clean-fix-c11,HLA-B*07:02,10,4.37363862991333,23639.505859375,NFLIKFLLI,3.312071084976196
c11_hlgauss_d2_logit_max200k_K64_s0.75,dist-ba-clean-fix-c11,HLA-B*07:02,10,2.401314735412597,251.9501953125,SLLQHLIGL,4.026895523071289
c11_hlgauss_d2_logit_max200k_K64_s0.75,dist-ba-clean-fix-c11,HLA-B*44:02,10,2.318121910095215,208.0279998779297,FLRYLLFGI,4.014391899108887
c11_hlgauss_d2_logit_max200k_K64_s0.75,dist-ba-clean-fix-c11,HLA-B*44:02,10,3.110996007919311,1291.20751953125,IMLEGETKL,3.959342002868652
c11_hlgauss_d2_logit_max200k_K64_s0.75,dist-ba-clean-fix-c11,HLA-B*44:02,10,4.3898258209228525,24537.248046875,NFLIKFLLI,3.288697957992553
c11_hlgauss_d2_logit_max200k_K64_s0.75,dist-ba-clean-fix-c11,HLA-B*44:02,10,2.421716690063476,264.06854248046875,SLLQHLIGL,4.024339199066162
c12_hlgauss_d2_logit_max200k_K128_s0.75,dist-ba-clean-fix-c12,HLA-A*01:01,10,1.95919382572174,91.03194427490234,FLRYLLFGI,4.629281520843506
c12_hlgauss_d2_logit_max200k_K128_s0.75,dist-ba-clean-fix-c12,HLA-A*01:01,10,2.862072706222534,727.9013671875,IMLEGETKL,4.705984592437744
c12_hlgauss_d2_logit_max200k_K128_s0.75,dist-ba-clean-fix-c12,HLA-A*01:01,10,4.30858039855957,20350.75,NFLIKFLLI,4.064807891845703
c12_hlgauss_d2_logit_max200k_K128_s0.75,dist-ba-clean-fix-c12,HLA-A*01:01,10,2.175744295120239,149.8802032470703,SLLQHLIGL,4.691628456115723
c12_hlgauss_d2_logit_max200k_K128_s0.75,dist-ba-clean-fix-c12,HLA-A*02:01,10,1.908053517341613,80.91957092285156,FLRYLLFGI,4.620209693908691
c12_hlgauss_d2_logit_max200k_K128_s0.75,dist-ba-clean-fix-c12,HLA-A*02:01,10,2.8059275150299072,639.6280517578125,IMLEGETKL,4.7204413414001465
c12_hlgauss_d2_logit_max200k_K128_s0.75,dist-ba-clean-fix-c12,HLA-A*02:01,10,4.291999816894531,19588.435546875,NFLIKFLLI,4.084740161895752
c12_hlgauss_d2_logit_max200k_K128_s0.75,dist-ba-clean-fix-c12,HLA-A*02:01,10,2.12350845336914,132.8948974609375,SLLQHLIGL,4.686770915985107
c12_hlgauss_d2_logit_max200k_K128_s0.75,dist-ba-clean-fix-c12,HLA-A*03:01,10,1.947831749916076,88.68123626708984,FLRYLLFGI,4.627582550048828
c12_hlgauss_d2_logit_max200k_K128_s0.75,dist-ba-clean-fix-c12,HLA-A*03:01,10,2.850605964660644,708.93408203125,IMLEGETKL,4.709185600280762
c12_hlgauss_d2_logit_max200k_K128_s0.75,dist-ba-clean-fix-c12,HLA-A*03:01,10,4.306094646453857,20234.591796875,NFLIKFLLI,4.067365646362305
c12_hlgauss_d2_logit_max200k_K128_s0.75,dist-ba-clean-fix-c12,HLA-A*03:01,10,2.164498805999756,146.0490264892578,SLLQHLIGL,4.690736770629883
c12_hlgauss_d2_logit_max200k_K128_s0.75,dist-ba-clean-fix-c12,HLA-A*11:01,10,1.9514765739440911,89.4285888671875,FLRYLLFGI,4.627836227416992
c12_hlgauss_d2_logit_max200k_K128_s0.75,dist-ba-clean-fix-c12,HLA-A*11:01,10,2.8525855541229252,712.1730346679688,IMLEGETKL,4.70782470703125
c12_hlgauss_d2_logit_max200k_K128_s0.75,dist-ba-clean-fix-c12,HLA-A*11:01,10,4.305636882781982,20213.279296875,NFLIKFLLI,4.06739330291748
c12_hlgauss_d2_logit_max200k_K128_s0.75,dist-ba-clean-fix-c12,HLA-A*11:01,10,2.167852163314819,147.18115234375,SLLQHLIGL,4.690705299377441
c12_hlgauss_d2_logit_max200k_K128_s0.75,dist-ba-clean-fix-c12,HLA-A*24:02,10,1.9364634752273562,86.3899917602539,FLRYLLFGI,4.625335693359375
c12_hlgauss_d2_logit_max200k_K128_s0.75,dist-ba-clean-fix-c12,HLA-A*24:02,10,2.835196733474731,684.2215576171875,IMLEGETKL,4.7129316329956055
c12_hlgauss_d2_logit_max200k_K128_s0.75,dist-ba-clean-fix-c12,HLA-A*24:02,10,4.298522472381592,19884.861328125,NFLIKFLLI,4.077175140380859
c12_hlgauss_d2_logit_max200k_K128_s0.75,dist-ba-clean-fix-c12,HLA-A*24:02,10,2.152029037475586,141.91522216796875,SLLQHLIGL,4.689610958099365
c12_hlgauss_d2_logit_max200k_K128_s0.75,dist-ba-clean-fix-c12,HLA-B*07:02,10,1.9464471340179441,88.39897155761719,FLRYLLFGI,4.627230644226074
c12_hlgauss_d2_logit_max200k_K128_s0.75,dist-ba-clean-fix-c12,HLA-B*07:02,10,2.845085859298706,699.9802856445312,IMLEGETKL,4.710015296936035
c12_hlgauss_d2_logit_max200k_K128_s0.75,dist-ba-clean-fix-c12,HLA-B*07:02,10,4.303905010223389,20132.837890625,NFLIKFLLI,4.071158409118652
c12_hlgauss_d2_logit_max200k_K128_s0.75,dist-ba-clean-fix-c12,HLA-B*07:02,10,2.162101984024048,145.24522399902344,SLLQHLIGL,4.6903676986694345
c12_hlgauss_d2_logit_max200k_K128_s0.75,dist-ba-clean-fix-c12,HLA-B*44:02,10,1.943196058273315,87.73969268798828,FLRYLLFGI,4.626333236694336
c12_hlgauss_d2_logit_max200k_K128_s0.75,dist-ba-clean-fix-c12,HLA-B*44:02,10,2.8425004482269283,695.8258056640625,IMLEGETKL,4.710041046142578
c12_hlgauss_d2_logit_max200k_K128_s0.75,dist-ba-clean-fix-c12,HLA-B*44:02,10,4.304807662963867,20174.720703125,NFLIKFLLI,4.070064544677734
c12_hlgauss_d2_logit_max200k_K128_s0.75,dist-ba-clean-fix-c12,HLA-B*44:02,10,2.158936500549316,144.19046020507812,SLLQHLIGL,4.689639091491699
