run_id,label,allele,epoch,ic50_log10,ic50_nM,peptide,entropy,display_label
dist-ba-v6-mainpath-ablation-c01-cc0,c01_mhcflurry_additive_max50k_d32,HLA-A*02:01,50,1.415704369544983,26.04380226135254,SLLQHLIGL,,c01_mhcflurry_additive_max50k_d32 [dist-ba-v6-mainpath-ablation-c01-cc0]
dist-ba-v6-mainpath-ablation-c01-cc0,c01_mhcflurry_additive_max50k_d32,HLA-A*24:02,50,4.153512001037598,14240.064453125,SLLQHLIGL,,c01_mhcflurry_additive_max50k_d32 [dist-ba-v6-mainpath-ablation-c01-cc0]
dist-ba-v6-mainpath-ablation-c01-cc0,c01_mhcflurry_additive_max50k_d32,HLA-A*02:01,50,1.3443334102630615,22.09700584411621,IMLEGETKL,,c01_mhcflurry_additive_max50k_d32 [dist-ba-v6-mainpath-ablation-c01-cc0]
dist-ba-v6-mainpath-ablation-c01-cc0,c01_mhcflurry_additive_max50k_d32,HLA-A*24:02,50,4.034876823425293,10836.1962890625,IMLEGETKL,,c01_mhcflurry_additive_max50k_d32 [dist-ba-v6-mainpath-ablation-c01-cc0]
dist-ba-v6-mainpath-ablation-c01-cc0,c01_mhcflurry_additive_max50k_d32,HLA-A*02:01,50,3.9985218048095703,9966.0224609375,NFLIKFLLI,,c01_mhcflurry_additive_max50k_d32 [dist-ba-v6-mainpath-ablation-c01-cc0]
dist-ba-v6-mainpath-ablation-c01-cc0,c01_mhcflurry_additive_max50k_d32,HLA-A*24:02,50,2.8008832931518555,632.2420043945312,NFLIKFLLI,,c01_mhcflurry_additive_max50k_d32 [dist-ba-v6-mainpath-ablation-c01-cc0]
dist-ba-v6-mainpath-ablation-c01-cc1,c01_mhcflurry_additive_max50k_d32,HLA-A*02:01,50,2.751236915588379,563.9451293945312,SLLQHLIGL,,c01_mhcflurry_additive_max50k_d32 [dist-ba-v6-mainpath-ablation-c01-cc1]
dist-ba-v6-mainpath-ablation-c01-cc1,c01_mhcflurry_additive_max50k_d32,HLA-A*24:02,50,2.786855697631836,612.1470947265625,SLLQHLIGL,,c01_mhcflurry_additive_max50k_d32 [dist-ba-v6-mainpath-ablation-c01-cc1]
dist-ba-v6-mainpath-ablation-c01-cc1,c01_mhcflurry_additive_max50k_d32,HLA-A*02:01,50,3.0279273986816406,1066.4180908203125,IMLEGETKL,,c01_mhcflurry_additive_max50k_d32 [dist-ba-v6-mainpath-ablation-c01-cc1]
dist-ba-v6-mainpath-ablation-c01-cc1,c01_mhcflurry_additive_max50k_d32,HLA-A*24:02,50,4.281350135803223,19113.939453125,IMLEGETKL,,c01_mhcflurry_additive_max50k_d32 [dist-ba-v6-mainpath-ablation-c01-cc1]
dist-ba-v6-mainpath-ablation-c01-cc1,c01_mhcflurry_additive_max50k_d32,HLA-A*02:01,50,4.291673183441162,19573.720703125,NFLIKFLLI,,c01_mhcflurry_additive_max50k_d32 [dist-ba-v6-mainpath-ablation-c01-cc1]
dist-ba-v6-mainpath-ablation-c01-cc1,c01_mhcflurry_additive_max50k_d32,HLA-A*24:02,50,1.3781509399414062,23.886411666870117,NFLIKFLLI,,c01_mhcflurry_additive_max50k_d32 [dist-ba-v6-mainpath-ablation-c01-cc1]
dist-ba-v6-mainpath-ablation-c02-cc0,c02_mhcflurry_additive_max100k_d32,HLA-A*02:01,50,1.4131993055343628,25.894010543823242,SLLQHLIGL,,c02_mhcflurry_additive_max100k_d32 [dist-ba-v6-mainpath-ablation-c02-cc0]
dist-ba-v6-mainpath-ablation-c02-cc0,c02_mhcflurry_additive_max100k_d32,HLA-A*24:02,50,4.248927593231201,17738.935546875,SLLQHLIGL,,c02_mhcflurry_additive_max100k_d32 [dist-ba-v6-mainpath-ablation-c02-cc0]
dist-ba-v6-mainpath-ablation-c02-cc0,c02_mhcflurry_additive_max100k_d32,HLA-A*02:01,50,1.5517473220825195,35.62438201904297,IMLEGETKL,,c02_mhcflurry_additive_max100k_d32 [dist-ba-v6-mainpath-ablation-c02-cc0]
dist-ba-v6-mainpath-ablation-c02-cc0,c02_mhcflurry_additive_max100k_d32,HLA-A*24:02,50,4.252719879150391,17894.513671875,IMLEGETKL,,c02_mhcflurry_additive_max100k_d32 [dist-ba-v6-mainpath-ablation-c02-cc0]
dist-ba-v6-mainpath-ablation-c02-cc0,c02_mhcflurry_additive_max100k_d32,HLA-A*02:01,50,3.67134690284729,4691.8798828125,NFLIKFLLI,,c02_mhcflurry_additive_max100k_d32 [dist-ba-v6-mainpath-ablation-c02-cc0]
dist-ba-v6-mainpath-ablation-c02-cc0,c02_mhcflurry_additive_max100k_d32,HLA-A*24:02,50,2.718297004699707,522.7534790039062,NFLIKFLLI,,c02_mhcflurry_additive_max100k_d32 [dist-ba-v6-mainpath-ablation-c02-cc0]
dist-ba-v6-mainpath-ablation-c02-cc1,c02_mhcflurry_additive_max100k_d32,HLA-A*02:01,50,2.3958911895751953,248.8234100341797,SLLQHLIGL,,c02_mhcflurry_additive_max100k_d32 [dist-ba-v6-mainpath-ablation-c02-cc1]
dist-ba-v6-mainpath-ablation-c02-cc1,c02_mhcflurry_additive_max100k_d32,HLA-A*24:02,50,2.680913209915161,479.6375732421875,SLLQHLIGL,,c02_mhcflurry_additive_max100k_d32 [dist-ba-v6-mainpath-ablation-c02-cc1]
dist-ba-v6-mainpath-ablation-c02-cc1,c02_mhcflurry_additive_max100k_d32,HLA-A*02:01,50,2.3428473472595215,220.21519470214844,IMLEGETKL,,c02_mhcflurry_additive_max100k_d32 [dist-ba-v6-mainpath-ablation-c02-cc1]
dist-ba-v6-mainpath-ablation-c02-cc1,c02_mhcflurry_additive_max100k_d32,HLA-A*24:02,50,4.075943946838379,11910.87890625,IMLEGETKL,,c02_mhcflurry_additive_max100k_d32 [dist-ba-v6-mainpath-ablation-c02-cc1]
dist-ba-v6-mainpath-ablation-c02-cc1,c02_mhcflurry_additive_max100k_d32,HLA-A*02:01,50,4.492220878601074,31061.388671875,NFLIKFLLI,,c02_mhcflurry_additive_max100k_d32 [dist-ba-v6-mainpath-ablation-c02-cc1]
dist-ba-v6-mainpath-ablation-c02-cc1,c02_mhcflurry_additive_max100k_d32,HLA-A*24:02,50,1.4085841178894043,25.62029457092285,NFLIKFLLI,,c02_mhcflurry_additive_max100k_d32 [dist-ba-v6-mainpath-ablation-c02-cc1]
dist-ba-v6-mainpath-ablation-c03-cc0,c03_hlgauss_d2_logit_max50k_K128_s0.75_d32,HLA-A*02:01,50,1.1935360431671143,15.614784240722656,SLLQHLIGL,4.140474796295166,c03_hlgauss_d2_logit_max50k_K128_s0.75_d32 [dist-ba-v6-mainpath-ablation-c03-cc0]
dist-ba-v6-mainpath-ablation-c03-cc0,c03_hlgauss_d2_logit_max50k_K128_s0.75_d32,HLA-A*24:02,50,2.2527081966400146,178.94029235839844,SLLQHLIGL,4.301297187805176,c03_hlgauss_d2_logit_max50k_K128_s0.75_d32 [dist-ba-v6-mainpath-ablation-c03-cc0]
dist-ba-v6-mainpath-ablation-c03-cc0,c03_hlgauss_d2_logit_max50k_K128_s0.75_d32,HLA-A*02:01,50,1.245416283607483,17.59609603881836,IMLEGETKL,4.204667568206787,c03_hlgauss_d2_logit_max50k_K128_s0.75_d32 [dist-ba-v6-mainpath-ablation-c03-cc0]
dist-ba-v6-mainpath-ablation-c03-cc0,c03_hlgauss_d2_logit_max50k_K128_s0.75_d32,HLA-A*24:02,50,2.4581239223480225,287.159912109375,IMLEGETKL,4.262550354003906,c03_hlgauss_d2_logit_max50k_K128_s0.75_d32 [dist-ba-v6-mainpath-ablation-c03-cc0]
dist-ba-v6-mainpath-ablation-c03-cc0,c03_hlgauss_d2_logit_max50k_K128_s0.75_d32,HLA-A*02:01,50,3.741607904434204,5515.79296875,NFLIKFLLI,3.3586387634277344,c03_hlgauss_d2_logit_max50k_K128_s0.75_d32 [dist-ba-v6-mainpath-ablation-c03-cc0]
dist-ba-v6-mainpath-ablation-c03-cc0,c03_hlgauss_d2_logit_max50k_K128_s0.75_d32,HLA-A*24:02,50,2.1911637783050537,155.29725646972656,NFLIKFLLI,4.429882049560547,c03_hlgauss_d2_logit_max50k_K128_s0.75_d32 [dist-ba-v6-mainpath-ablation-c03-cc0]
dist-ba-v6-mainpath-ablation-c03-cc1,c03_hlgauss_d2_logit_max50k_K128_s0.75_d32,HLA-A*02:01,50,2.5019280910491943,317.63482666015625,SLLQHLIGL,4.441736221313477,c03_hlgauss_d2_logit_max50k_K128_s0.75_d32 [dist-ba-v6-mainpath-ablation-c03-cc1]
dist-ba-v6-mainpath-ablation-c03-cc1,c03_hlgauss_d2_logit_max50k_K128_s0.75_d32,HLA-A*24:02,50,2.9241437911987305,839.738037109375,SLLQHLIGL,4.152304649353027,c03_hlgauss_d2_logit_max50k_K128_s0.75_d32 [dist-ba-v6-mainpath-ablation-c03-cc1]
dist-ba-v6-mainpath-ablation-c03-cc1,c03_hlgauss_d2_logit_max50k_K128_s0.75_d32,HLA-A*02:01,50,1.936645746231079,86.42626190185547,IMLEGETKL,4.306681156158447,c03_hlgauss_d2_logit_max50k_K128_s0.75_d32 [dist-ba-v6-mainpath-ablation-c03-cc1]
dist-ba-v6-mainpath-ablation-c03-cc1,c03_hlgauss_d2_logit_max50k_K128_s0.75_d32,HLA-A*24:02,50,2.610520601272583,407.8688049316406,IMLEGETKL,4.273147106170654,c03_hlgauss_d2_logit_max50k_K128_s0.75_d32 [dist-ba-v6-mainpath-ablation-c03-cc1]
dist-ba-v6-mainpath-ablation-c03-cc1,c03_hlgauss_d2_logit_max50k_K128_s0.75_d32,HLA-A*02:01,50,3.4865715503692627,3065.995849609375,NFLIKFLLI,4.124785423278809,c03_hlgauss_d2_logit_max50k_K128_s0.75_d32 [dist-ba-v6-mainpath-ablation-c03-cc1]
dist-ba-v6-mainpath-ablation-c03-cc1,c03_hlgauss_d2_logit_max50k_K128_s0.75_d32,HLA-A*24:02,50,2.1448845863342285,139.5997314453125,NFLIKFLLI,4.457430839538574,c03_hlgauss_d2_logit_max50k_K128_s0.75_d32 [dist-ba-v6-mainpath-ablation-c03-cc1]
dist-ba-v6-mainpath-ablation-c04-cc0,c04_hlgauss_d2_logit_max100k_K128_s0.75_d32,HLA-A*02:01,50,1.0349677801132202,10.838465690612793,SLLQHLIGL,4.077593803405762,c04_hlgauss_d2_logit_max100k_K128_s0.75_d32 [dist-ba-v6-mainpath-ablation-c04-cc0]
dist-ba-v6-mainpath-ablation-c04-cc0,c04_hlgauss_d2_logit_max100k_K128_s0.75_d32,HLA-A*24:02,50,3.2449536323547363,1757.7359619140625,SLLQHLIGL,3.434115409851074,c04_hlgauss_d2_logit_max100k_K128_s0.75_d32 [dist-ba-v6-mainpath-ablation-c04-cc0]
dist-ba-v6-mainpath-ablation-c04-cc0,c04_hlgauss_d2_logit_max100k_K128_s0.75_d32,HLA-A*02:01,50,1.3566628694534302,22.733322143554688,IMLEGETKL,4.18730354309082,c04_hlgauss_d2_logit_max100k_K128_s0.75_d32 [dist-ba-v6-mainpath-ablation-c04-cc0]
dist-ba-v6-mainpath-ablation-c04-cc0,c04_hlgauss_d2_logit_max100k_K128_s0.75_d32,HLA-A*24:02,50,2.6011903285980225,399.19976806640625,IMLEGETKL,4.2946248054504395,c04_hlgauss_d2_logit_max100k_K128_s0.75_d32 [dist-ba-v6-mainpath-ablation-c04-cc0]
dist-ba-v6-mainpath-ablation-c04-cc0,c04_hlgauss_d2_logit_max100k_K128_s0.75_d32,HLA-A*02:01,50,3.3983914852142334,2502.599609375,NFLIKFLLI,4.196823596954346,c04_hlgauss_d2_logit_max100k_K128_s0.75_d32 [dist-ba-v6-mainpath-ablation-c04-cc0]
dist-ba-v6-mainpath-ablation-c04-cc0,c04_hlgauss_d2_logit_max100k_K128_s0.75_d32,HLA-A*24:02,50,2.301881790161133,200.3926239013672,NFLIKFLLI,4.437483787536621,c04_hlgauss_d2_logit_max100k_K128_s0.75_d32 [dist-ba-v6-mainpath-ablation-c04-cc0]
dist-ba-v6-mainpath-ablation-c04-cc1,c04_hlgauss_d2_logit_max100k_K128_s0.75_d32,HLA-A*02:01,50,1.7445557117462158,55.53358459472656,SLLQHLIGL,4.353330135345459,c04_hlgauss_d2_logit_max100k_K128_s0.75_d32 [dist-ba-v6-mainpath-ablation-c04-cc1]
dist-ba-v6-mainpath-ablation-c04-cc1,c04_hlgauss_d2_logit_max100k_K128_s0.75_d32,HLA-A*24:02,50,3.253680467605591,1793.4136962890625,SLLQHLIGL,4.0229902267456055,c04_hlgauss_d2_logit_max100k_K128_s0.75_d32 [dist-ba-v6-mainpath-ablation-c04-cc1]
dist-ba-v6-mainpath-ablation-c04-cc1,c04_hlgauss_d2_logit_max100k_K128_s0.75_d32,HLA-A*02:01,50,2.102278709411621,126.55479431152344,IMLEGETKL,4.623584747314453,c04_hlgauss_d2_logit_max100k_K128_s0.75_d32 [dist-ba-v6-mainpath-ablation-c04-cc1]
dist-ba-v6-mainpath-ablation-c04-cc1,c04_hlgauss_d2_logit_max100k_K128_s0.75_d32,HLA-A*24:02,50,3.122218608856201,1325.008544921875,IMLEGETKL,4.357782363891602,c04_hlgauss_d2_logit_max100k_K128_s0.75_d32 [dist-ba-v6-mainpath-ablation-c04-cc1]
dist-ba-v6-mainpath-ablation-c04-cc1,c04_hlgauss_d2_logit_max100k_K128_s0.75_d32,HLA-A*02:01,50,3.2020018100738525,1592.2152099609375,NFLIKFLLI,3.983610153198242,c04_hlgauss_d2_logit_max100k_K128_s0.75_d32 [dist-ba-v6-mainpath-ablation-c04-cc1]
dist-ba-v6-mainpath-ablation-c04-cc1,c04_hlgauss_d2_logit_max100k_K128_s0.75_d32,HLA-A*24:02,50,1.4445747137069702,27.833940505981445,NFLIKFLLI,4.139330863952637,c04_hlgauss_d2_logit_max100k_K128_s0.75_d32 [dist-ba-v6-mainpath-ablation-c04-cc1]
dist-ba-v6-mainpath-ablation-c05-cc0,c05_mhcflurry_additive_max50k_d64,HLA-A*02:01,50,0.482679158449173,3.0386393070220947,SLLQHLIGL,,c05_mhcflurry_additive_max50k_d64 [dist-ba-v6-mainpath-ablation-c05-cc0]
dist-ba-v6-mainpath-ablation-c05-cc0,c05_mhcflurry_additive_max50k_d64,HLA-A*24:02,50,3.927358388900757,8459.7685546875,SLLQHLIGL,,c05_mhcflurry_additive_max50k_d64 [dist-ba-v6-mainpath-ablation-c05-cc0]
dist-ba-v6-mainpath-ablation-c05-cc0,c05_mhcflurry_additive_max50k_d64,HLA-A*02:01,50,1.020790457725525,10.490360260009766,IMLEGETKL,,c05_mhcflurry_additive_max50k_d64 [dist-ba-v6-mainpath-ablation-c05-cc0]
dist-ba-v6-mainpath-ablation-c05-cc0,c05_mhcflurry_additive_max50k_d64,HLA-A*24:02,50,4.098299503326416,12540.0546875,IMLEGETKL,,c05_mhcflurry_additive_max50k_d64 [dist-ba-v6-mainpath-ablation-c05-cc0]
dist-ba-v6-mainpath-ablation-c05-cc0,c05_mhcflurry_additive_max50k_d64,HLA-A*02:01,50,3.4407920837402344,2759.256591796875,NFLIKFLLI,,c05_mhcflurry_additive_max50k_d64 [dist-ba-v6-mainpath-ablation-c05-cc0]
dist-ba-v6-mainpath-ablation-c05-cc0,c05_mhcflurry_additive_max50k_d64,HLA-A*24:02,50,1.7601971626281738,57.57012176513672,NFLIKFLLI,,c05_mhcflurry_additive_max50k_d64 [dist-ba-v6-mainpath-ablation-c05-cc0]
dist-ba-v6-mainpath-ablation-c05-cc1,c05_mhcflurry_additive_max50k_d64,HLA-A*02:01,50,0.5179166197776794,3.295464515686035,SLLQHLIGL,,c05_mhcflurry_additive_max50k_d64 [dist-ba-v6-mainpath-ablation-c05-cc1]
dist-ba-v6-mainpath-ablation-c05-cc1,c05_mhcflurry_additive_max50k_d64,HLA-A*24:02,50,3.8204832077026367,6614.28857421875,SLLQHLIGL,,c05_mhcflurry_additive_max50k_d64 [dist-ba-v6-mainpath-ablation-c05-cc1]
dist-ba-v6-mainpath-ablation-c05-cc1,c05_mhcflurry_additive_max50k_d64,HLA-A*02:01,50,0.6759452819824219,4.741822242736816,IMLEGETKL,,c05_mhcflurry_additive_max50k_d64 [dist-ba-v6-mainpath-ablation-c05-cc1]
dist-ba-v6-mainpath-ablation-c05-cc1,c05_mhcflurry_additive_max50k_d64,HLA-A*24:02,50,3.1291186809539795,1346.2279052734375,IMLEGETKL,,c05_mhcflurry_additive_max50k_d64 [dist-ba-v6-mainpath-ablation-c05-cc1]
dist-ba-v6-mainpath-ablation-c05-cc1,c05_mhcflurry_additive_max50k_d64,HLA-A*02:01,50,0.9794191718101501,9.537161827087402,NFLIKFLLI,,c05_mhcflurry_additive_max50k_d64 [dist-ba-v6-mainpath-ablation-c05-cc1]
dist-ba-v6-mainpath-ablation-c05-cc1,c05_mhcflurry_additive_max50k_d64,HLA-A*24:02,50,0.27755552530288696,1.8947657346725464,NFLIKFLLI,,c05_mhcflurry_additive_max50k_d64 [dist-ba-v6-mainpath-ablation-c05-cc1]
dist-ba-v6-mainpath-ablation-c06-cc0,c06_mhcflurry_additive_max100k_d64,HLA-A*02:01,50,0.5260899662971497,3.358071804046631,SLLQHLIGL,,c06_mhcflurry_additive_max100k_d64 [dist-ba-v6-mainpath-ablation-c06-cc0]
dist-ba-v6-mainpath-ablation-c06-cc0,c06_mhcflurry_additive_max100k_d64,HLA-A*24:02,50,4.077677249908447,11958.51171875,SLLQHLIGL,,c06_mhcflurry_additive_max100k_d64 [dist-ba-v6-mainpath-ablation-c06-cc0]
dist-ba-v6-mainpath-ablation-c06-cc0,c06_mhcflurry_additive_max100k_d64,HLA-A*02:01,50,0.9601414203643799,9.123078346252441,IMLEGETKL,,c06_mhcflurry_additive_max100k_d64 [dist-ba-v6-mainpath-ablation-c06-cc0]
dist-ba-v6-mainpath-ablation-c06-cc0,c06_mhcflurry_additive_max100k_d64,HLA-A*24:02,50,4.202635765075684,15945.40625,IMLEGETKL,,c06_mhcflurry_additive_max100k_d64 [dist-ba-v6-mainpath-ablation-c06-cc0]
dist-ba-v6-mainpath-ablation-c06-cc0,c06_mhcflurry_additive_max100k_d64,HLA-A*02:01,50,3.147418737411499,1404.1671142578125,NFLIKFLLI,,c06_mhcflurry_additive_max100k_d64 [dist-ba-v6-mainpath-ablation-c06-cc0]
dist-ba-v6-mainpath-ablation-c06-cc0,c06_mhcflurry_additive_max100k_d64,HLA-A*24:02,50,1.3861111402511597,24.328262329101562,NFLIKFLLI,,c06_mhcflurry_additive_max100k_d64 [dist-ba-v6-mainpath-ablation-c06-cc0]
dist-ba-v6-mainpath-ablation-c06-cc1,c06_mhcflurry_additive_max100k_d64,HLA-A*02:01,50,0.33801645040512085,2.1777923107147217,SLLQHLIGL,,c06_mhcflurry_additive_max100k_d64 [dist-ba-v6-mainpath-ablation-c06-cc1]
dist-ba-v6-mainpath-ablation-c06-cc1,c06_mhcflurry_additive_max100k_d64,HLA-A*24:02,50,3.0962369441986084,1248.0640869140625,SLLQHLIGL,,c06_mhcflurry_additive_max100k_d64 [dist-ba-v6-mainpath-ablation-c06-cc1]
dist-ba-v6-mainpath-ablation-c06-cc1,c06_mhcflurry_additive_max100k_d64,HLA-A*02:01,50,0.4876774847507477,3.0738131999969482,IMLEGETKL,,c06_mhcflurry_additive_max100k_d64 [dist-ba-v6-mainpath-ablation-c06-cc1]
dist-ba-v6-mainpath-ablation-c06-cc1,c06_mhcflurry_additive_max100k_d64,HLA-A*24:02,50,2.595170259475708,393.70428466796875,IMLEGETKL,,c06_mhcflurry_additive_max100k_d64 [dist-ba-v6-mainpath-ablation-c06-cc1]
dist-ba-v6-mainpath-ablation-c06-cc1,c06_mhcflurry_additive_max100k_d64,HLA-A*02:01,50,1.3966470956802368,24.925683975219727,NFLIKFLLI,,c06_mhcflurry_additive_max100k_d64 [dist-ba-v6-mainpath-ablation-c06-cc1]
dist-ba-v6-mainpath-ablation-c06-cc1,c06_mhcflurry_additive_max100k_d64,HLA-A*24:02,50,0.27115851640701294,1.8670610189437866,NFLIKFLLI,,c06_mhcflurry_additive_max100k_d64 [dist-ba-v6-mainpath-ablation-c06-cc1]
dist-ba-v6-mainpath-ablation-c07-cc0,c07_hlgauss_d2_logit_max50k_K128_s0.75_d64,HLA-A*02:01,50,0.5477282404899597,3.5296225547790527,SLLQHLIGL,3.253958225250244,c07_hlgauss_d2_logit_max50k_K128_s0.75_d64 [dist-ba-v6-mainpath-ablation-c07-cc0]
dist-ba-v6-mainpath-ablation-c07-cc0,c07_hlgauss_d2_logit_max50k_K128_s0.75_d64,HLA-A*24:02,50,2.169161319732666,147.62547302246094,SLLQHLIGL,4.260180473327637,c07_hlgauss_d2_logit_max50k_K128_s0.75_d64 [dist-ba-v6-mainpath-ablation-c07-cc0]
dist-ba-v6-mainpath-ablation-c07-cc0,c07_hlgauss_d2_logit_max50k_K128_s0.75_d64,HLA-A*02:01,50,0.9524022340774536,8.961944580078125,IMLEGETKL,3.516838550567627,c07_hlgauss_d2_logit_max50k_K128_s0.75_d64 [dist-ba-v6-mainpath-ablation-c07-cc0]
dist-ba-v6-mainpath-ablation-c07-cc0,c07_hlgauss_d2_logit_max50k_K128_s0.75_d64,HLA-A*24:02,50,2.40398907661438,253.50645446777344,IMLEGETKL,4.279540061950684,c07_hlgauss_d2_logit_max50k_K128_s0.75_d64 [dist-ba-v6-mainpath-ablation-c07-cc0]
dist-ba-v6-mainpath-ablation-c07-cc0,c07_hlgauss_d2_logit_max50k_K128_s0.75_d64,HLA-A*02:01,50,4.107504367828369,12808.6787109375,NFLIKFLLI,2.027991533279419,c07_hlgauss_d2_logit_max50k_K128_s0.75_d64 [dist-ba-v6-mainpath-ablation-c07-cc0]
dist-ba-v6-mainpath-ablation-c07-cc0,c07_hlgauss_d2_logit_max50k_K128_s0.75_d64,HLA-A*24:02,50,1.993422508239746,98.49687957763672,NFLIKFLLI,4.169806003570557,c07_hlgauss_d2_logit_max50k_K128_s0.75_d64 [dist-ba-v6-mainpath-ablation-c07-cc0]
dist-ba-v6-mainpath-ablation-c07-cc1,c07_hlgauss_d2_logit_max50k_K128_s0.75_d64,HLA-A*02:01,50,0.4278227388858795,2.678075075149536,SLLQHLIGL,3.1732120513916016,c07_hlgauss_d2_logit_max50k_K128_s0.75_d64 [dist-ba-v6-mainpath-ablation-c07-cc1]
dist-ba-v6-mainpath-ablation-c07-cc1,c07_hlgauss_d2_logit_max50k_K128_s0.75_d64,HLA-A*24:02,50,0.9618677496910095,9.159415245056152,SLLQHLIGL,3.4106626510620117,c07_hlgauss_d2_logit_max50k_K128_s0.75_d64 [dist-ba-v6-mainpath-ablation-c07-cc1]
dist-ba-v6-mainpath-ablation-c07-cc1,c07_hlgauss_d2_logit_max50k_K128_s0.75_d64,HLA-A*02:01,50,1.239740252494812,17.367618560791016,IMLEGETKL,3.6216065883636475,c07_hlgauss_d2_logit_max50k_K128_s0.75_d64 [dist-ba-v6-mainpath-ablation-c07-cc1]
dist-ba-v6-mainpath-ablation-c07-cc1,c07_hlgauss_d2_logit_max50k_K128_s0.75_d64,HLA-A*24:02,50,1.9191011190414429,83.00439453125,IMLEGETKL,4.140300273895264,c07_hlgauss_d2_logit_max50k_K128_s0.75_d64 [dist-ba-v6-mainpath-ablation-c07-cc1]
dist-ba-v6-mainpath-ablation-c07-cc1,c07_hlgauss_d2_logit_max50k_K128_s0.75_d64,HLA-A*02:01,50,3.776850461959839,5982.05615234375,NFLIKFLLI,3.3224449157714844,c07_hlgauss_d2_logit_max50k_K128_s0.75_d64 [dist-ba-v6-mainpath-ablation-c07-cc1]
dist-ba-v6-mainpath-ablation-c07-cc1,c07_hlgauss_d2_logit_max50k_K128_s0.75_d64,HLA-A*24:02,50,0.64821857213974,4.448550701141357,NFLIKFLLI,3.279815673828125,c07_hlgauss_d2_logit_max50k_K128_s0.75_d64 [dist-ba-v6-mainpath-ablation-c07-cc1]
dist-ba-v6-mainpath-ablation-c08-cc0,c08_hlgauss_d2_logit_max100k_K128_s0.75_d64,HLA-A*02:01,50,0.6435118913650513,4.400599956512451,SLLQHLIGL,3.512838840484619,c08_hlgauss_d2_logit_max100k_K128_s0.75_d64 [dist-ba-v6-mainpath-ablation-c08-cc0]
dist-ba-v6-mainpath-ablation-c08-cc0,c08_hlgauss_d2_logit_max100k_K128_s0.75_d64,HLA-A*24:02,50,3.5423941612243652,3486.536865234375,SLLQHLIGL,3.3495006561279297,c08_hlgauss_d2_logit_max100k_K128_s0.75_d64 [dist-ba-v6-mainpath-ablation-c08-cc0]
dist-ba-v6-mainpath-ablation-c08-cc0,c08_hlgauss_d2_logit_max100k_K128_s0.75_d64,HLA-A*02:01,50,1.0669381618499756,11.666436195373535,IMLEGETKL,3.1416239738464355,c08_hlgauss_d2_logit_max100k_K128_s0.75_d64 [dist-ba-v6-mainpath-ablation-c08-cc0]
dist-ba-v6-mainpath-ablation-c08-cc0,c08_hlgauss_d2_logit_max100k_K128_s0.75_d64,HLA-A*24:02,50,3.2159583568573,1644.214111328125,IMLEGETKL,4.231951713562012,c08_hlgauss_d2_logit_max100k_K128_s0.75_d64 [dist-ba-v6-mainpath-ablation-c08-cc0]
dist-ba-v6-mainpath-ablation-c08-cc0,c08_hlgauss_d2_logit_max100k_K128_s0.75_d64,HLA-A*02:01,50,4.147806644439697,14054.2158203125,NFLIKFLLI,3.5590667724609375,c08_hlgauss_d2_logit_max100k_K128_s0.75_d64 [dist-ba-v6-mainpath-ablation-c08-cc0]
dist-ba-v6-mainpath-ablation-c08-cc0,c08_hlgauss_d2_logit_max100k_K128_s0.75_d64,HLA-A*24:02,50,1.4712975025177002,29.60039520263672,NFLIKFLLI,4.090723037719727,c08_hlgauss_d2_logit_max100k_K128_s0.75_d64 [dist-ba-v6-mainpath-ablation-c08-cc0]
dist-ba-v6-mainpath-ablation-c08-cc1,c08_hlgauss_d2_logit_max100k_K128_s0.75_d64,HLA-A*02:01,50,0.844997227191925,6.998375415802002,SLLQHLIGL,3.3448214530944824,c08_hlgauss_d2_logit_max100k_K128_s0.75_d64 [dist-ba-v6-mainpath-ablation-c08-cc1]
dist-ba-v6-mainpath-ablation-c08-cc1,c08_hlgauss_d2_logit_max100k_K128_s0.75_d64,HLA-A*24:02,50,4.767387866973877,58531.24609375,SLLQHLIGL,1.849186658859253,c08_hlgauss_d2_logit_max100k_K128_s0.75_d64 [dist-ba-v6-mainpath-ablation-c08-cc1]
dist-ba-v6-mainpath-ablation-c08-cc1,c08_hlgauss_d2_logit_max100k_K128_s0.75_d64,HLA-A*02:01,50,0.9794572591781616,9.53799819946289,IMLEGETKL,3.3444113731384277,c08_hlgauss_d2_logit_max100k_K128_s0.75_d64 [dist-ba-v6-mainpath-ablation-c08-cc1]
dist-ba-v6-mainpath-ablation-c08-cc1,c08_hlgauss_d2_logit_max100k_K128_s0.75_d64,HLA-A*24:02,50,4.687098979949951,48651.828125,IMLEGETKL,2.57607364654541,c08_hlgauss_d2_logit_max100k_K128_s0.75_d64 [dist-ba-v6-mainpath-ablation-c08-cc1]
dist-ba-v6-mainpath-ablation-c08-cc1,c08_hlgauss_d2_logit_max100k_K128_s0.75_d64,HLA-A*02:01,50,2.904851198196411,803.2509765625,NFLIKFLLI,3.254664421081543,c08_hlgauss_d2_logit_max100k_K128_s0.75_d64 [dist-ba-v6-mainpath-ablation-c08-cc1]
dist-ba-v6-mainpath-ablation-c08-cc1,c08_hlgauss_d2_logit_max100k_K128_s0.75_d64,HLA-A*24:02,50,2.8954577445983887,786.063720703125,NFLIKFLLI,3.94736909866333,c08_hlgauss_d2_logit_max100k_K128_s0.75_d64 [dist-ba-v6-mainpath-ablation-c08-cc1]
dist-ba-v6-mainpath-ablation-c09-cc0,c09_mhcflurry_additive_max50k,HLA-A*02:01,50,0.537330150604248,3.446117877960205,SLLQHLIGL,,c09_mhcflurry_additive_max50k [dist-ba-v6-mainpath-ablation-c09-cc0]
dist-ba-v6-mainpath-ablation-c09-cc0,c09_mhcflurry_additive_max50k,HLA-A*24:02,50,3.944391965866089,8798.16015625,SLLQHLIGL,,c09_mhcflurry_additive_max50k [dist-ba-v6-mainpath-ablation-c09-cc0]
dist-ba-v6-mainpath-ablation-c09-cc0,c09_mhcflurry_additive_max50k,HLA-A*02:01,50,0.3976035714149475,2.4980640411376953,IMLEGETKL,,c09_mhcflurry_additive_max50k [dist-ba-v6-mainpath-ablation-c09-cc0]
dist-ba-v6-mainpath-ablation-c09-cc0,c09_mhcflurry_additive_max50k,HLA-A*24:02,50,3.1126346588134766,1296.0887451171875,IMLEGETKL,,c09_mhcflurry_additive_max50k [dist-ba-v6-mainpath-ablation-c09-cc0]
dist-ba-v6-mainpath-ablation-c09-cc0,c09_mhcflurry_additive_max50k,HLA-A*02:01,50,2.9191489219665527,830.1355590820312,NFLIKFLLI,,c09_mhcflurry_additive_max50k [dist-ba-v6-mainpath-ablation-c09-cc0]
dist-ba-v6-mainpath-ablation-c09-cc0,c09_mhcflurry_additive_max50k,HLA-A*24:02,50,0.4873228967189789,3.0713045597076416,NFLIKFLLI,,c09_mhcflurry_additive_max50k [dist-ba-v6-mainpath-ablation-c09-cc0]
dist-ba-v6-mainpath-ablation-c09-cc1,c09_mhcflurry_additive_max50k,HLA-A*02:01,50,0.6565763354301453,4.534989833831787,SLLQHLIGL,,c09_mhcflurry_additive_max50k [dist-ba-v6-mainpath-ablation-c09-cc1]
dist-ba-v6-mainpath-ablation-c09-cc1,c09_mhcflurry_additive_max50k,HLA-A*24:02,50,4.373959064483643,23656.966796875,SLLQHLIGL,,c09_mhcflurry_additive_max50k [dist-ba-v6-mainpath-ablation-c09-cc1]
dist-ba-v6-mainpath-ablation-c09-cc1,c09_mhcflurry_additive_max50k,HLA-A*02:01,50,0.742841362953186,5.531480312347412,IMLEGETKL,,c09_mhcflurry_additive_max50k [dist-ba-v6-mainpath-ablation-c09-cc1]
dist-ba-v6-mainpath-ablation-c09-cc1,c09_mhcflurry_additive_max50k,HLA-A*24:02,50,4.507241725921631,32154.48046875,IMLEGETKL,,c09_mhcflurry_additive_max50k [dist-ba-v6-mainpath-ablation-c09-cc1]
dist-ba-v6-mainpath-ablation-c09-cc1,c09_mhcflurry_additive_max50k,HLA-A*02:01,50,3.3777129650115967,2386.233642578125,NFLIKFLLI,,c09_mhcflurry_additive_max50k [dist-ba-v6-mainpath-ablation-c09-cc1]
dist-ba-v6-mainpath-ablation-c09-cc1,c09_mhcflurry_additive_max50k,HLA-A*24:02,50,0.8572511672973633,7.1986517906188965,NFLIKFLLI,,c09_mhcflurry_additive_max50k [dist-ba-v6-mainpath-ablation-c09-cc1]
dist-ba-v6-mainpath-ablation-c10-cc0,c10_mhcflurry_additive_max100k,HLA-A*02:01,50,0.6717148423194885,4.69585657119751,SLLQHLIGL,,c10_mhcflurry_additive_max100k [dist-ba-v6-mainpath-ablation-c10-cc0]
dist-ba-v6-mainpath-ablation-c10-cc0,c10_mhcflurry_additive_max100k,HLA-A*24:02,50,3.742144823074341,5522.6142578125,SLLQHLIGL,,c10_mhcflurry_additive_max100k [dist-ba-v6-mainpath-ablation-c10-cc0]
dist-ba-v6-mainpath-ablation-c10-cc0,c10_mhcflurry_additive_max100k,HLA-A*02:01,50,0.5153313279151917,3.275905132293701,IMLEGETKL,,c10_mhcflurry_additive_max100k [dist-ba-v6-mainpath-ablation-c10-cc0]
dist-ba-v6-mainpath-ablation-c10-cc0,c10_mhcflurry_additive_max100k,HLA-A*24:02,50,3.0329954624176025,1078.9354248046875,IMLEGETKL,,c10_mhcflurry_additive_max100k [dist-ba-v6-mainpath-ablation-c10-cc0]
dist-ba-v6-mainpath-ablation-c10-cc0,c10_mhcflurry_additive_max100k,HLA-A*02:01,50,3.2979464530944824,1985.85009765625,NFLIKFLLI,,c10_mhcflurry_additive_max100k [dist-ba-v6-mainpath-ablation-c10-cc0]
dist-ba-v6-mainpath-ablation-c10-cc0,c10_mhcflurry_additive_max100k,HLA-A*24:02,50,0.4016414284706116,2.5213980674743652,NFLIKFLLI,,c10_mhcflurry_additive_max100k [dist-ba-v6-mainpath-ablation-c10-cc0]
dist-ba-v6-mainpath-ablation-c10-cc1,c10_mhcflurry_additive_max100k,HLA-A*02:01,50,0.8215877413749695,6.631133079528809,SLLQHLIGL,,c10_mhcflurry_additive_max100k [dist-ba-v6-mainpath-ablation-c10-cc1]
dist-ba-v6-mainpath-ablation-c10-cc1,c10_mhcflurry_additive_max100k,HLA-A*24:02,50,4.635230541229248,43174.796875,SLLQHLIGL,,c10_mhcflurry_additive_max100k [dist-ba-v6-mainpath-ablation-c10-cc1]
dist-ba-v6-mainpath-ablation-c10-cc1,c10_mhcflurry_additive_max100k,HLA-A*02:01,50,0.5984771251678467,3.9671363830566406,IMLEGETKL,,c10_mhcflurry_additive_max100k [dist-ba-v6-mainpath-ablation-c10-cc1]
dist-ba-v6-mainpath-ablation-c10-cc1,c10_mhcflurry_additive_max100k,HLA-A*24:02,50,4.565962314605713,36809.72265625,IMLEGETKL,,c10_mhcflurry_additive_max100k [dist-ba-v6-mainpath-ablation-c10-cc1]
dist-ba-v6-mainpath-ablation-c10-cc1,c10_mhcflurry_additive_max100k,HLA-A*02:01,50,3.764207363128662,5810.41748046875,NFLIKFLLI,,c10_mhcflurry_additive_max100k [dist-ba-v6-mainpath-ablation-c10-cc1]
dist-ba-v6-mainpath-ablation-c10-cc1,c10_mhcflurry_additive_max100k,HLA-A*24:02,50,0.9077221155166626,8.085783958435059,NFLIKFLLI,,c10_mhcflurry_additive_max100k [dist-ba-v6-mainpath-ablation-c10-cc1]
dist-ba-v6-mainpath-ablation-c11-cc0,c11_hlgauss_d2_logit_max50k_K128_s0.75,HLA-A*02:01,50,0.2549200654029846,1.7985398769378662,SLLQHLIGL,2.0039172172546387,c11_hlgauss_d2_logit_max50k_K128_s0.75 [dist-ba-v6-mainpath-ablation-c11-cc0]
dist-ba-v6-mainpath-ablation-c11-cc0,c11_hlgauss_d2_logit_max50k_K128_s0.75,HLA-A*24:02,50,1.0289970636367798,10.690476417541504,SLLQHLIGL,3.2662484645843506,c11_hlgauss_d2_logit_max50k_K128_s0.75 [dist-ba-v6-mainpath-ablation-c11-cc0]
dist-ba-v6-mainpath-ablation-c11-cc0,c11_hlgauss_d2_logit_max50k_K128_s0.75,HLA-A*02:01,50,0.84101402759552,6.934481620788574,IMLEGETKL,3.133176803588867,c11_hlgauss_d2_logit_max50k_K128_s0.75 [dist-ba-v6-mainpath-ablation-c11-cc0]
dist-ba-v6-mainpath-ablation-c11-cc0,c11_hlgauss_d2_logit_max50k_K128_s0.75,HLA-A*24:02,50,3.498635768890381,3152.360107421875,IMLEGETKL,2.552027702331543,c11_hlgauss_d2_logit_max50k_K128_s0.75 [dist-ba-v6-mainpath-ablation-c11-cc0]
dist-ba-v6-mainpath-ablation-c11-cc0,c11_hlgauss_d2_logit_max50k_K128_s0.75,HLA-A*02:01,50,4.138915061950684,13769.408203125,NFLIKFLLI,1.5421607494354248,c11_hlgauss_d2_logit_max50k_K128_s0.75 [dist-ba-v6-mainpath-ablation-c11-cc0]
dist-ba-v6-mainpath-ablation-c11-cc0,c11_hlgauss_d2_logit_max50k_K128_s0.75,HLA-A*24:02,50,0.5724141001701355,3.7360620498657227,NFLIKFLLI,2.7322158813476562,c11_hlgauss_d2_logit_max50k_K128_s0.75 [dist-ba-v6-mainpath-ablation-c11-cc0]
dist-ba-v6-mainpath-ablation-c11-cc1,c11_hlgauss_d2_logit_max50k_K128_s0.75,HLA-A*02:01,50,0.7944961190223694,6.23011589050293,SLLQHLIGL,3.1388936042785645,c11_hlgauss_d2_logit_max50k_K128_s0.75 [dist-ba-v6-mainpath-ablation-c11-cc1]
dist-ba-v6-mainpath-ablation-c11-cc1,c11_hlgauss_d2_logit_max50k_K128_s0.75,HLA-A*24:02,50,1.0910457372665405,12.332347869873047,SLLQHLIGL,3.2084383964538574,c11_hlgauss_d2_logit_max50k_K128_s0.75 [dist-ba-v6-mainpath-ablation-c11-cc1]
dist-ba-v6-mainpath-ablation-c11-cc1,c11_hlgauss_d2_logit_max50k_K128_s0.75,HLA-A*02:01,50,1.141420841217041,13.849077224731445,IMLEGETKL,2.4049484729766846,c11_hlgauss_d2_logit_max50k_K128_s0.75 [dist-ba-v6-mainpath-ablation-c11-cc1]
dist-ba-v6-mainpath-ablation-c11-cc1,c11_hlgauss_d2_logit_max50k_K128_s0.75,HLA-A*24:02,50,3.8583407402038574,7216.734375,IMLEGETKL,2.0378947257995605,c11_hlgauss_d2_logit_max50k_K128_s0.75 [dist-ba-v6-mainpath-ablation-c11-cc1]
dist-ba-v6-mainpath-ablation-c11-cc1,c11_hlgauss_d2_logit_max50k_K128_s0.75,HLA-A*02:01,50,4.653655052185059,45045.875,NFLIKFLLI,0.8149989247322083,c11_hlgauss_d2_logit_max50k_K128_s0.75 [dist-ba-v6-mainpath-ablation-c11-cc1]
dist-ba-v6-mainpath-ablation-c11-cc1,c11_hlgauss_d2_logit_max50k_K128_s0.75,HLA-A*24:02,50,-0.2120138257741928,0.613742470741272,NFLIKFLLI,1.6657665967941284,c11_hlgauss_d2_logit_max50k_K128_s0.75 [dist-ba-v6-mainpath-ablation-c11-cc1]
dist-ba-v6-mainpath-ablation-c12-cc0,c12_hlgauss_d2_logit_max100k_K128_s0.75,HLA-A*02:01,50,-0.05598676577210426,0.8790493011474609,SLLQHLIGL,2.1061999797821045,c12_hlgauss_d2_logit_max100k_K128_s0.75 [dist-ba-v6-mainpath-ablation-c12-cc0]
dist-ba-v6-mainpath-ablation-c12-cc0,c12_hlgauss_d2_logit_max100k_K128_s0.75,HLA-A*24:02,50,1.297455072402954,19.836042404174805,SLLQHLIGL,3.37373685836792,c12_hlgauss_d2_logit_max100k_K128_s0.75 [dist-ba-v6-mainpath-ablation-c12-cc0]
dist-ba-v6-mainpath-ablation-c12-cc0,c12_hlgauss_d2_logit_max100k_K128_s0.75,HLA-A*02:01,50,0.7384140491485596,5.475377559661865,IMLEGETKL,2.2553935050964355,c12_hlgauss_d2_logit_max100k_K128_s0.75 [dist-ba-v6-mainpath-ablation-c12-cc0]
dist-ba-v6-mainpath-ablation-c12-cc0,c12_hlgauss_d2_logit_max100k_K128_s0.75,HLA-A*24:02,50,3.63982892036438,4363.43798828125,IMLEGETKL,3.2542576789855957,c12_hlgauss_d2_logit_max100k_K128_s0.75 [dist-ba-v6-mainpath-ablation-c12-cc0]
dist-ba-v6-mainpath-ablation-c12-cc0,c12_hlgauss_d2_logit_max100k_K128_s0.75,HLA-A*02:01,50,4.434710502624512,27208.875,NFLIKFLLI,2.1458628177642822,c12_hlgauss_d2_logit_max100k_K128_s0.75 [dist-ba-v6-mainpath-ablation-c12-cc0]
dist-ba-v6-mainpath-ablation-c12-cc0,c12_hlgauss_d2_logit_max100k_K128_s0.75,HLA-A*24:02,50,0.37764695286750793,2.385870933532715,NFLIKFLLI,2.8248167037963867,c12_hlgauss_d2_logit_max100k_K128_s0.75 [dist-ba-v6-mainpath-ablation-c12-cc0]
dist-ba-v6-mainpath-ablation-c12-cc1,c12_hlgauss_d2_logit_max100k_K128_s0.75,HLA-A*02:01,50,0.696255624294281,4.968846797943115,SLLQHLIGL,3.5106611251831055,c12_hlgauss_d2_logit_max100k_K128_s0.75 [dist-ba-v6-mainpath-ablation-c12-cc1]
dist-ba-v6-mainpath-ablation-c12-cc1,c12_hlgauss_d2_logit_max100k_K128_s0.75,HLA-A*24:02,50,4.017103672027588,10401.6806640625,SLLQHLIGL,2.932899236679077,c12_hlgauss_d2_logit_max100k_K128_s0.75 [dist-ba-v6-mainpath-ablation-c12-cc1]
dist-ba-v6-mainpath-ablation-c12-cc1,c12_hlgauss_d2_logit_max100k_K128_s0.75,HLA-A*02:01,50,0.7285698056221008,5.352661609649658,IMLEGETKL,2.4327943325042725,c12_hlgauss_d2_logit_max100k_K128_s0.75 [dist-ba-v6-mainpath-ablation-c12-cc1]
dist-ba-v6-mainpath-ablation-c12-cc1,c12_hlgauss_d2_logit_max100k_K128_s0.75,HLA-A*24:02,50,2.771768569946289,591.24658203125,IMLEGETKL,3.469850778579712,c12_hlgauss_d2_logit_max100k_K128_s0.75 [dist-ba-v6-mainpath-ablation-c12-cc1]
dist-ba-v6-mainpath-ablation-c12-cc1,c12_hlgauss_d2_logit_max100k_K128_s0.75,HLA-A*02:01,50,4.5448198318481445,35060.6328125,NFLIKFLLI,2.6637606620788574,c12_hlgauss_d2_logit_max100k_K128_s0.75 [dist-ba-v6-mainpath-ablation-c12-cc1]
dist-ba-v6-mainpath-ablation-c12-cc1,c12_hlgauss_d2_logit_max100k_K128_s0.75,HLA-A*24:02,50,0.7052935361862183,5.07333517074585,NFLIKFLLI,2.478140115737915,c12_hlgauss_d2_logit_max100k_K128_s0.75 [dist-ba-v6-mainpath-ablation-c12-cc1]
dist-ba-v6-mainpath-ablation-c13-cc0,c13_mhcflurry_additive_max50k_d256,HLA-A*02:01,50,1.1119630336761475,12.94085693359375,SLLQHLIGL,,c13_mhcflurry_additive_max50k_d256 [dist-ba-v6-mainpath-ablation-c13-cc0]
dist-ba-v6-mainpath-ablation-c13-cc0,c13_mhcflurry_additive_max50k_d256,HLA-A*24:02,50,4.522789001464844,33326.44921875,SLLQHLIGL,,c13_mhcflurry_additive_max50k_d256 [dist-ba-v6-mainpath-ablation-c13-cc0]
dist-ba-v6-mainpath-ablation-c13-cc0,c13_mhcflurry_additive_max50k_d256,HLA-A*02:01,50,2.6241421699523926,420.86444091796875,IMLEGETKL,,c13_mhcflurry_additive_max50k_d256 [dist-ba-v6-mainpath-ablation-c13-cc0]
dist-ba-v6-mainpath-ablation-c13-cc0,c13_mhcflurry_additive_max50k_d256,HLA-A*24:02,50,4.501231670379639,31712.576171875,IMLEGETKL,,c13_mhcflurry_additive_max50k_d256 [dist-ba-v6-mainpath-ablation-c13-cc0]
dist-ba-v6-mainpath-ablation-c13-cc0,c13_mhcflurry_additive_max50k_d256,HLA-A*02:01,50,4.602408409118652,40032.09765625,NFLIKFLLI,,c13_mhcflurry_additive_max50k_d256 [dist-ba-v6-mainpath-ablation-c13-cc0]
dist-ba-v6-mainpath-ablation-c13-cc0,c13_mhcflurry_additive_max50k_d256,HLA-A*24:02,50,1.497120976448059,31.413835525512695,NFLIKFLLI,,c13_mhcflurry_additive_max50k_d256 [dist-ba-v6-mainpath-ablation-c13-cc0]
dist-ba-v6-mainpath-ablation-c13-cc1,c13_mhcflurry_additive_max50k_d256,HLA-A*02:01,50,1.625388264656067,42.20737075805664,SLLQHLIGL,,c13_mhcflurry_additive_max50k_d256 [dist-ba-v6-mainpath-ablation-c13-cc1]
dist-ba-v6-mainpath-ablation-c13-cc1,c13_mhcflurry_additive_max50k_d256,HLA-A*24:02,50,4.664976596832275,46235.6171875,SLLQHLIGL,,c13_mhcflurry_additive_max50k_d256 [dist-ba-v6-mainpath-ablation-c13-cc1]
dist-ba-v6-mainpath-ablation-c13-cc1,c13_mhcflurry_additive_max50k_d256,HLA-A*02:01,50,2.139410972595215,137.85133361816406,IMLEGETKL,,c13_mhcflurry_additive_max50k_d256 [dist-ba-v6-mainpath-ablation-c13-cc1]
dist-ba-v6-mainpath-ablation-c13-cc1,c13_mhcflurry_additive_max50k_d256,HLA-A*24:02,50,4.639956951141357,43647.265625,IMLEGETKL,,c13_mhcflurry_additive_max50k_d256 [dist-ba-v6-mainpath-ablation-c13-cc1]
dist-ba-v6-mainpath-ablation-c13-cc1,c13_mhcflurry_additive_max50k_d256,HLA-A*02:01,50,4.0188679695129395,10444.021484375,NFLIKFLLI,,c13_mhcflurry_additive_max50k_d256 [dist-ba-v6-mainpath-ablation-c13-cc1]
dist-ba-v6-mainpath-ablation-c13-cc1,c13_mhcflurry_additive_max50k_d256,HLA-A*24:02,50,1.765203833580017,58.23765563964844,NFLIKFLLI,,c13_mhcflurry_additive_max50k_d256 [dist-ba-v6-mainpath-ablation-c13-cc1]
dist-ba-v6-mainpath-ablation-c14-cc0,c14_mhcflurry_additive_max100k_d256,HLA-A*02:01,50,2.046769380569458,111.37026977539062,SLLQHLIGL,,c14_mhcflurry_additive_max100k_d256 [dist-ba-v6-mainpath-ablation-c14-cc0]
dist-ba-v6-mainpath-ablation-c14-cc0,c14_mhcflurry_additive_max100k_d256,HLA-A*24:02,50,4.619197368621826,41609.953125,SLLQHLIGL,,c14_mhcflurry_additive_max100k_d256 [dist-ba-v6-mainpath-ablation-c14-cc0]
dist-ba-v6-mainpath-ablation-c14-cc0,c14_mhcflurry_additive_max100k_d256,HLA-A*02:01,50,2.918189764022827,828.3040161132812,IMLEGETKL,,c14_mhcflurry_additive_max100k_d256 [dist-ba-v6-mainpath-ablation-c14-cc0]
dist-ba-v6-mainpath-ablation-c14-cc0,c14_mhcflurry_additive_max100k_d256,HLA-A*24:02,50,4.7448577880859375,55572.234375,IMLEGETKL,,c14_mhcflurry_additive_max100k_d256 [dist-ba-v6-mainpath-ablation-c14-cc0]
dist-ba-v6-mainpath-ablation-c14-cc0,c14_mhcflurry_additive_max100k_d256,HLA-A*02:01,50,4.714487075805664,51818.78125,NFLIKFLLI,,c14_mhcflurry_additive_max100k_d256 [dist-ba-v6-mainpath-ablation-c14-cc0]
dist-ba-v6-mainpath-ablation-c14-cc0,c14_mhcflurry_additive_max100k_d256,HLA-A*24:02,50,1.5710386037826538,37.24248504638672,NFLIKFLLI,,c14_mhcflurry_additive_max100k_d256 [dist-ba-v6-mainpath-ablation-c14-cc0]
dist-ba-v6-mainpath-ablation-c14-cc1,c14_mhcflurry_additive_max100k_d256,HLA-A*02:01,50,1.1606884002685547,14.477327346801758,SLLQHLIGL,,c14_mhcflurry_additive_max100k_d256 [dist-ba-v6-mainpath-ablation-c14-cc1]
dist-ba-v6-mainpath-ablation-c14-cc1,c14_mhcflurry_additive_max100k_d256,HLA-A*24:02,50,4.904293537139893,80221.984375,SLLQHLIGL,,c14_mhcflurry_additive_max100k_d256 [dist-ba-v6-mainpath-ablation-c14-cc1]
dist-ba-v6-mainpath-ablation-c14-cc1,c14_mhcflurry_additive_max100k_d256,HLA-A*02:01,50,2.4965665340423584,313.7375183105469,IMLEGETKL,,c14_mhcflurry_additive_max100k_d256 [dist-ba-v6-mainpath-ablation-c14-cc1]
dist-ba-v6-mainpath-ablation-c14-cc1,c14_mhcflurry_additive_max100k_d256,HLA-A*24:02,50,4.889992713928223,77623.3671875,IMLEGETKL,,c14_mhcflurry_additive_max100k_d256 [dist-ba-v6-mainpath-ablation-c14-cc1]
dist-ba-v6-mainpath-ablation-c14-cc1,c14_mhcflurry_additive_max100k_d256,HLA-A*02:01,50,3.5762991905212402,3769.634521484375,NFLIKFLLI,,c14_mhcflurry_additive_max100k_d256 [dist-ba-v6-mainpath-ablation-c14-cc1]
dist-ba-v6-mainpath-ablation-c14-cc1,c14_mhcflurry_additive_max100k_d256,HLA-A*24:02,50,1.9871467351913452,97.08379364013672,NFLIKFLLI,,c14_mhcflurry_additive_max100k_d256 [dist-ba-v6-mainpath-ablation-c14-cc1]
dist-ba-v6-mainpath-ablation-c15-cc0,c15_hlgauss_d2_logit_max50k_K128_s0.75_d256,HLA-A*02:01,50,1.538474678993225,34.55211639404297,SLLQHLIGL,2.329435348510742,c15_hlgauss_d2_logit_max50k_K128_s0.75_d256 [dist-ba-v6-mainpath-ablation-c15-cc0]
dist-ba-v6-mainpath-ablation-c15-cc0,c15_hlgauss_d2_logit_max50k_K128_s0.75_d256,HLA-A*24:02,50,4.173150062561035,14898.7587890625,SLLQHLIGL,3.0422322750091553,c15_hlgauss_d2_logit_max50k_K128_s0.75_d256 [dist-ba-v6-mainpath-ablation-c15-cc0]
dist-ba-v6-mainpath-ablation-c15-cc0,c15_hlgauss_d2_logit_max50k_K128_s0.75_d256,HLA-A*02:01,50,2.6334712505340576,430.00274658203125,IMLEGETKL,1.7681360244750977,c15_hlgauss_d2_logit_max50k_K128_s0.75_d256 [dist-ba-v6-mainpath-ablation-c15-cc0]
dist-ba-v6-mainpath-ablation-c15-cc0,c15_hlgauss_d2_logit_max50k_K128_s0.75_d256,HLA-A*24:02,50,4.66447639465332,46182.390625,IMLEGETKL,0.752632737159729,c15_hlgauss_d2_logit_max50k_K128_s0.75_d256 [dist-ba-v6-mainpath-ablation-c15-cc0]
dist-ba-v6-mainpath-ablation-c15-cc0,c15_hlgauss_d2_logit_max50k_K128_s0.75_d256,HLA-A*02:01,50,4.660193920135498,45729.2109375,NFLIKFLLI,0.7624174952507019,c15_hlgauss_d2_logit_max50k_K128_s0.75_d256 [dist-ba-v6-mainpath-ablation-c15-cc0]
dist-ba-v6-mainpath-ablation-c15-cc0,c15_hlgauss_d2_logit_max50k_K128_s0.75_d256,HLA-A*24:02,50,0.9924193024635315,9.8269624710083,NFLIKFLLI,1.2137539386749268,c15_hlgauss_d2_logit_max50k_K128_s0.75_d256 [dist-ba-v6-mainpath-ablation-c15-cc0]
dist-ba-v6-mainpath-ablation-c15-cc1,c15_hlgauss_d2_logit_max50k_K128_s0.75_d256,HLA-A*02:01,50,0.7627493143081665,5.790943145751953,SLLQHLIGL,2.235589027404785,c15_hlgauss_d2_logit_max50k_K128_s0.75_d256 [dist-ba-v6-mainpath-ablation-c15-cc1]
dist-ba-v6-mainpath-ablation-c15-cc1,c15_hlgauss_d2_logit_max50k_K128_s0.75_d256,HLA-A*24:02,50,4.6724700927734375,47040.3125,SLLQHLIGL,0.5046085119247437,c15_hlgauss_d2_logit_max50k_K128_s0.75_d256 [dist-ba-v6-mainpath-ablation-c15-cc1]
dist-ba-v6-mainpath-ablation-c15-cc1,c15_hlgauss_d2_logit_max50k_K128_s0.75_d256,HLA-A*02:01,50,1.447581171989441,28.027294158935547,IMLEGETKL,1.8200480937957764,c15_hlgauss_d2_logit_max50k_K128_s0.75_d256 [dist-ba-v6-mainpath-ablation-c15-cc1]
dist-ba-v6-mainpath-ablation-c15-cc1,c15_hlgauss_d2_logit_max50k_K128_s0.75_d256,HLA-A*24:02,50,4.661271095275879,45842.7890625,IMLEGETKL,0.7549077868461609,c15_hlgauss_d2_logit_max50k_K128_s0.75_d256 [dist-ba-v6-mainpath-ablation-c15-cc1]
dist-ba-v6-mainpath-ablation-c15-cc1,c15_hlgauss_d2_logit_max50k_K128_s0.75_d256,HLA-A*02:01,50,4.67521333694458,47338.37109375,NFLIKFLLI,0.3035694658756256,c15_hlgauss_d2_logit_max50k_K128_s0.75_d256 [dist-ba-v6-mainpath-ablation-c15-cc1]
dist-ba-v6-mainpath-ablation-c15-cc1,c15_hlgauss_d2_logit_max50k_K128_s0.75_d256,HLA-A*24:02,50,1.3012993335723877,20.012407302856445,NFLIKFLLI,1.9195466041564941,c15_hlgauss_d2_logit_max50k_K128_s0.75_d256 [dist-ba-v6-mainpath-ablation-c15-cc1]
dist-ba-v6-mainpath-ablation-c16-cc0,c16_hlgauss_d2_logit_max100k_K128_s0.75_d256,HLA-A*02:01,50,2.5994184017181396,397.5743713378906,SLLQHLIGL,2.7375118732452393,c16_hlgauss_d2_logit_max100k_K128_s0.75_d256 [dist-ba-v6-mainpath-ablation-c16-cc0]
dist-ba-v6-mainpath-ablation-c16-cc0,c16_hlgauss_d2_logit_max100k_K128_s0.75_d256,HLA-A*24:02,50,4.375851154327393,23760.25,SLLQHLIGL,2.819239377975464,c16_hlgauss_d2_logit_max100k_K128_s0.75_d256 [dist-ba-v6-mainpath-ablation-c16-cc0]
dist-ba-v6-mainpath-ablation-c16-cc0,c16_hlgauss_d2_logit_max100k_K128_s0.75_d256,HLA-A*02:01,50,1.1856378316879272,15.333375930786133,IMLEGETKL,1.7261748313903809,c16_hlgauss_d2_logit_max100k_K128_s0.75_d256 [dist-ba-v6-mainpath-ablation-c16-cc0]
dist-ba-v6-mainpath-ablation-c16-cc0,c16_hlgauss_d2_logit_max100k_K128_s0.75_d256,HLA-A*24:02,50,4.606619358062744,40422.140625,IMLEGETKL,1.4330322742462158,c16_hlgauss_d2_logit_max100k_K128_s0.75_d256 [dist-ba-v6-mainpath-ablation-c16-cc0]
dist-ba-v6-mainpath-ablation-c16-cc0,c16_hlgauss_d2_logit_max100k_K128_s0.75_d256,HLA-A*02:01,50,4.931628704071045,85433.5546875,NFLIKFLLI,1.219796061515808,c16_hlgauss_d2_logit_max100k_K128_s0.75_d256 [dist-ba-v6-mainpath-ablation-c16-cc0]
dist-ba-v6-mainpath-ablation-c16-cc0,c16_hlgauss_d2_logit_max100k_K128_s0.75_d256,HLA-A*24:02,50,0.9876947999000549,9.720638275146484,NFLIKFLLI,1.4281164407730103,c16_hlgauss_d2_logit_max100k_K128_s0.75_d256 [dist-ba-v6-mainpath-ablation-c16-cc0]
dist-ba-v6-mainpath-ablation-c16-cc1,c16_hlgauss_d2_logit_max100k_K128_s0.75_d256,HLA-A*02:01,50,2.054476737976074,113.36441040039062,SLLQHLIGL,3.586580276489258,c16_hlgauss_d2_logit_max100k_K128_s0.75_d256 [dist-ba-v6-mainpath-ablation-c16-cc1]
dist-ba-v6-mainpath-ablation-c16-cc1,c16_hlgauss_d2_logit_max100k_K128_s0.75_d256,HLA-A*24:02,50,4.613876819610596,41103.296875,SLLQHLIGL,2.844036817550659,c16_hlgauss_d2_logit_max100k_K128_s0.75_d256 [dist-ba-v6-mainpath-ablation-c16-cc1]
dist-ba-v6-mainpath-ablation-c16-cc1,c16_hlgauss_d2_logit_max100k_K128_s0.75_d256,HLA-A*02:01,50,0.8394774794578552,6.909991264343262,IMLEGETKL,1.5566892623901367,c16_hlgauss_d2_logit_max100k_K128_s0.75_d256 [dist-ba-v6-mainpath-ablation-c16-cc1]
dist-ba-v6-mainpath-ablation-c16-cc1,c16_hlgauss_d2_logit_max100k_K128_s0.75_d256,HLA-A*24:02,50,4.750339508056641,56278.125,IMLEGETKL,2.1632723808288574,c16_hlgauss_d2_logit_max100k_K128_s0.75_d256 [dist-ba-v6-mainpath-ablation-c16-cc1]
dist-ba-v6-mainpath-ablation-c16-cc1,c16_hlgauss_d2_logit_max100k_K128_s0.75_d256,HLA-A*02:01,50,4.930123805999756,85138.0625,NFLIKFLLI,1.0979130268096924,c16_hlgauss_d2_logit_max100k_K128_s0.75_d256 [dist-ba-v6-mainpath-ablation-c16-cc1]
dist-ba-v6-mainpath-ablation-c16-cc1,c16_hlgauss_d2_logit_max100k_K128_s0.75_d256,HLA-A*24:02,50,1.0636972188949585,11.57969856262207,NFLIKFLLI,1.6698299646377563,c16_hlgauss_d2_logit_max100k_K128_s0.75_d256 [dist-ba-v6-mainpath-ablation-c16-cc1]
dist-ba-v6-mainpath-groove-c01-cc0,c01_mhcflurry_additive_max50k_d32,HLA-A*02:01,50,1.093441367149353,12.40056037902832,SLLQHLIGL,,c01_mhcflurry_additive_max50k_d32 [dist-ba-v6-mainpath-groove-c01-cc0]
dist-ba-v6-mainpath-groove-c01-cc0,c01_mhcflurry_additive_max50k_d32,HLA-A*24:02,50,3.509932279586792,3235.431396484375,SLLQHLIGL,,c01_mhcflurry_additive_max50k_d32 [dist-ba-v6-mainpath-groove-c01-cc0]
dist-ba-v6-mainpath-groove-c01-cc0,c01_mhcflurry_additive_max50k_d32,HLA-A*02:01,50,1.6285487413406372,42.51564025878906,IMLEGETKL,,c01_mhcflurry_additive_max50k_d32 [dist-ba-v6-mainpath-groove-c01-cc0]
dist-ba-v6-mainpath-groove-c01-cc0,c01_mhcflurry_additive_max50k_d32,HLA-A*24:02,50,3.7211906909942627,5262.48291015625,IMLEGETKL,,c01_mhcflurry_additive_max50k_d32 [dist-ba-v6-mainpath-groove-c01-cc0]
dist-ba-v6-mainpath-groove-c01-cc0,c01_mhcflurry_additive_max50k_d32,HLA-A*02:01,50,3.48806095123291,3076.52880859375,NFLIKFLLI,,c01_mhcflurry_additive_max50k_d32 [dist-ba-v6-mainpath-groove-c01-cc0]
dist-ba-v6-mainpath-groove-c01-cc0,c01_mhcflurry_additive_max50k_d32,HLA-A*24:02,50,2.65427303314209,451.1001892089844,NFLIKFLLI,,c01_mhcflurry_additive_max50k_d32 [dist-ba-v6-mainpath-groove-c01-cc0]
dist-ba-v6-mainpath-groove-c01-cc1,c01_mhcflurry_additive_max50k_d32,HLA-A*02:01,50,0.9277188181877136,8.466791152954102,SLLQHLIGL,,c01_mhcflurry_additive_max50k_d32 [dist-ba-v6-mainpath-groove-c01-cc1]
dist-ba-v6-mainpath-groove-c01-cc1,c01_mhcflurry_additive_max50k_d32,HLA-A*24:02,50,1.9403101205825806,87.15858459472656,SLLQHLIGL,,c01_mhcflurry_additive_max50k_d32 [dist-ba-v6-mainpath-groove-c01-cc1]
dist-ba-v6-mainpath-groove-c01-cc1,c01_mhcflurry_additive_max50k_d32,HLA-A*02:01,50,1.7388802766799927,54.81258010864258,IMLEGETKL,,c01_mhcflurry_additive_max50k_d32 [dist-ba-v6-mainpath-groove-c01-cc1]
dist-ba-v6-mainpath-groove-c01-cc1,c01_mhcflurry_additive_max50k_d32,HLA-A*24:02,50,3.4296085834503174,2689.109619140625,IMLEGETKL,,c01_mhcflurry_additive_max50k_d32 [dist-ba-v6-mainpath-groove-c01-cc1]
dist-ba-v6-mainpath-groove-c01-cc1,c01_mhcflurry_additive_max50k_d32,HLA-A*02:01,50,3.967794179916382,9285.263671875,NFLIKFLLI,,c01_mhcflurry_additive_max50k_d32 [dist-ba-v6-mainpath-groove-c01-cc1]
dist-ba-v6-mainpath-groove-c01-cc1,c01_mhcflurry_additive_max50k_d32,HLA-A*24:02,50,1.9616419076919556,91.54653930664062,NFLIKFLLI,,c01_mhcflurry_additive_max50k_d32 [dist-ba-v6-mainpath-groove-c01-cc1]
dist-ba-v6-mainpath-groove-c02-cc0,c02_mhcflurry_additive_max100k_d32,HLA-A*02:01,50,1.4629580974578857,29.03742790222168,SLLQHLIGL,,c02_mhcflurry_additive_max100k_d32 [dist-ba-v6-mainpath-groove-c02-cc0]
dist-ba-v6-mainpath-groove-c02-cc0,c02_mhcflurry_additive_max100k_d32,HLA-A*24:02,50,3.003401517868042,1007.8629150390625,SLLQHLIGL,,c02_mhcflurry_additive_max100k_d32 [dist-ba-v6-mainpath-groove-c02-cc0]
dist-ba-v6-mainpath-groove-c02-cc0,c02_mhcflurry_additive_max100k_d32,HLA-A*02:01,50,1.8075034618377686,64.19532775878906,IMLEGETKL,,c02_mhcflurry_additive_max100k_d32 [dist-ba-v6-mainpath-groove-c02-cc0]
dist-ba-v6-mainpath-groove-c02-cc0,c02_mhcflurry_additive_max100k_d32,HLA-A*24:02,50,3.735483407974243,5438.55224609375,IMLEGETKL,,c02_mhcflurry_additive_max100k_d32 [dist-ba-v6-mainpath-groove-c02-cc0]
dist-ba-v6-mainpath-groove-c02-cc0,c02_mhcflurry_additive_max100k_d32,HLA-A*02:01,50,3.570146083831787,3716.601318359375,NFLIKFLLI,,c02_mhcflurry_additive_max100k_d32 [dist-ba-v6-mainpath-groove-c02-cc0]
dist-ba-v6-mainpath-groove-c02-cc0,c02_mhcflurry_additive_max100k_d32,HLA-A*24:02,50,2.081141233444214,120.54277038574219,NFLIKFLLI,,c02_mhcflurry_additive_max100k_d32 [dist-ba-v6-mainpath-groove-c02-cc0]
dist-ba-v6-mainpath-groove-c02-cc1,c02_mhcflurry_additive_max100k_d32,HLA-A*02:01,50,0.8153262734413147,6.536214351654053,SLLQHLIGL,,c02_mhcflurry_additive_max100k_d32 [dist-ba-v6-mainpath-groove-c02-cc1]
dist-ba-v6-mainpath-groove-c02-cc1,c02_mhcflurry_additive_max100k_d32,HLA-A*24:02,50,2.564650535583496,366.9868469238281,SLLQHLIGL,,c02_mhcflurry_additive_max100k_d32 [dist-ba-v6-mainpath-groove-c02-cc1]
dist-ba-v6-mainpath-groove-c02-cc1,c02_mhcflurry_additive_max100k_d32,HLA-A*02:01,50,1.479248046875,30.14727783203125,IMLEGETKL,,c02_mhcflurry_additive_max100k_d32 [dist-ba-v6-mainpath-groove-c02-cc1]
dist-ba-v6-mainpath-groove-c02-cc1,c02_mhcflurry_additive_max100k_d32,HLA-A*24:02,50,3.849534749984741,7071.876953125,IMLEGETKL,,c02_mhcflurry_additive_max100k_d32 [dist-ba-v6-mainpath-groove-c02-cc1]
dist-ba-v6-mainpath-groove-c02-cc1,c02_mhcflurry_additive_max100k_d32,HLA-A*02:01,50,4.222934722900391,16708.3984375,NFLIKFLLI,,c02_mhcflurry_additive_max100k_d32 [dist-ba-v6-mainpath-groove-c02-cc1]
dist-ba-v6-mainpath-groove-c02-cc1,c02_mhcflurry_additive_max100k_d32,HLA-A*24:02,50,1.6340652704238892,43.05912780761719,NFLIKFLLI,,c02_mhcflurry_additive_max100k_d32 [dist-ba-v6-mainpath-groove-c02-cc1]
dist-ba-v6-mainpath-groove-c03-cc0,c03_hlgauss_d2_logit_max50k_K128_s0.75_d32,HLA-A*02:01,50,1.0629547834396362,11.559918403625488,SLLQHLIGL,4.196926116943359,c03_hlgauss_d2_logit_max50k_K128_s0.75_d32 [dist-ba-v6-mainpath-groove-c03-cc0]
dist-ba-v6-mainpath-groove-c03-cc0,c03_hlgauss_d2_logit_max50k_K128_s0.75_d32,HLA-A*24:02,50,2.2552294731140137,179.982177734375,SLLQHLIGL,4.532469749450684,c03_hlgauss_d2_logit_max50k_K128_s0.75_d32 [dist-ba-v6-mainpath-groove-c03-cc0]
dist-ba-v6-mainpath-groove-c03-cc0,c03_hlgauss_d2_logit_max50k_K128_s0.75_d32,HLA-A*02:01,50,1.4004610776901245,25.145549774169922,IMLEGETKL,4.3012800216674805,c03_hlgauss_d2_logit_max50k_K128_s0.75_d32 [dist-ba-v6-mainpath-groove-c03-cc0]
dist-ba-v6-mainpath-groove-c03-cc0,c03_hlgauss_d2_logit_max50k_K128_s0.75_d32,HLA-A*24:02,50,2.3104286193847656,204.3754119873047,IMLEGETKL,4.463998794555664,c03_hlgauss_d2_logit_max50k_K128_s0.75_d32 [dist-ba-v6-mainpath-groove-c03-cc0]
dist-ba-v6-mainpath-groove-c03-cc0,c03_hlgauss_d2_logit_max50k_K128_s0.75_d32,HLA-A*02:01,50,3.161500930786133,1450.443603515625,NFLIKFLLI,4.0526628494262695,c03_hlgauss_d2_logit_max50k_K128_s0.75_d32 [dist-ba-v6-mainpath-groove-c03-cc0]
dist-ba-v6-mainpath-groove-c03-cc0,c03_hlgauss_d2_logit_max50k_K128_s0.75_d32,HLA-A*24:02,50,1.3948252201080322,24.82133674621582,NFLIKFLLI,4.362290859222412,c03_hlgauss_d2_logit_max50k_K128_s0.75_d32 [dist-ba-v6-mainpath-groove-c03-cc0]
dist-ba-v6-mainpath-groove-c03-cc1,c03_hlgauss_d2_logit_max50k_K128_s0.75_d32,HLA-A*02:01,50,1.4468276500701904,27.978710174560547,SLLQHLIGL,3.993633985519409,c03_hlgauss_d2_logit_max50k_K128_s0.75_d32 [dist-ba-v6-mainpath-groove-c03-cc1]
dist-ba-v6-mainpath-groove-c03-cc1,c03_hlgauss_d2_logit_max50k_K128_s0.75_d32,HLA-A*24:02,50,2.9906792640686035,978.7670288085938,SLLQHLIGL,4.326538562774658,c03_hlgauss_d2_logit_max50k_K128_s0.75_d32 [dist-ba-v6-mainpath-groove-c03-cc1]
dist-ba-v6-mainpath-groove-c03-cc1,c03_hlgauss_d2_logit_max50k_K128_s0.75_d32,HLA-A*02:01,50,1.5625137090682983,36.51856994628906,IMLEGETKL,3.969599723815918,c03_hlgauss_d2_logit_max50k_K128_s0.75_d32 [dist-ba-v6-mainpath-groove-c03-cc1]
dist-ba-v6-mainpath-groove-c03-cc1,c03_hlgauss_d2_logit_max50k_K128_s0.75_d32,HLA-A*24:02,50,3.02736759185791,1065.0438232421875,IMLEGETKL,4.437619209289551,c03_hlgauss_d2_logit_max50k_K128_s0.75_d32 [dist-ba-v6-mainpath-groove-c03-cc1]
dist-ba-v6-mainpath-groove-c03-cc1,c03_hlgauss_d2_logit_max50k_K128_s0.75_d32,HLA-A*02:01,50,2.641106367111206,437.6291809082031,NFLIKFLLI,4.161690711975098,c03_hlgauss_d2_logit_max50k_K128_s0.75_d32 [dist-ba-v6-mainpath-groove-c03-cc1]
dist-ba-v6-mainpath-groove-c03-cc1,c03_hlgauss_d2_logit_max50k_K128_s0.75_d32,HLA-A*24:02,50,1.7636256217956543,58.026397705078125,NFLIKFLLI,4.311339855194092,c03_hlgauss_d2_logit_max50k_K128_s0.75_d32 [dist-ba-v6-mainpath-groove-c03-cc1]
dist-ba-v6-mainpath-groove-c04-cc0,c04_hlgauss_d2_logit_max100k_K128_s0.75_d32,HLA-A*02:01,50,1.0278412103652954,10.662062644958496,SLLQHLIGL,4.078352451324463,c04_hlgauss_d2_logit_max100k_K128_s0.75_d32 [dist-ba-v6-mainpath-groove-c04-cc0]
dist-ba-v6-mainpath-groove-c04-cc0,c04_hlgauss_d2_logit_max100k_K128_s0.75_d32,HLA-A*24:02,50,2.866396903991699,735.1853637695312,SLLQHLIGL,4.168288707733154,c04_hlgauss_d2_logit_max100k_K128_s0.75_d32 [dist-ba-v6-mainpath-groove-c04-cc0]
dist-ba-v6-mainpath-groove-c04-cc0,c04_hlgauss_d2_logit_max100k_K128_s0.75_d32,HLA-A*02:01,50,1.2224191427230835,16.68857192993164,IMLEGETKL,4.0475287437438965,c04_hlgauss_d2_logit_max100k_K128_s0.75_d32 [dist-ba-v6-mainpath-groove-c04-cc0]
dist-ba-v6-mainpath-groove-c04-cc0,c04_hlgauss_d2_logit_max100k_K128_s0.75_d32,HLA-A*24:02,50,2.8876733779907227,772.0995483398438,IMLEGETKL,4.302002906799316,c04_hlgauss_d2_logit_max100k_K128_s0.75_d32 [dist-ba-v6-mainpath-groove-c04-cc0]
dist-ba-v6-mainpath-groove-c04-cc0,c04_hlgauss_d2_logit_max100k_K128_s0.75_d32,HLA-A*02:01,50,3.2740185260772705,1879.396484375,NFLIKFLLI,4.154145240783691,c04_hlgauss_d2_logit_max100k_K128_s0.75_d32 [dist-ba-v6-mainpath-groove-c04-cc0]
dist-ba-v6-mainpath-groove-c04-cc0,c04_hlgauss_d2_logit_max100k_K128_s0.75_d32,HLA-A*24:02,50,1.8041123151779175,63.696022033691406,NFLIKFLLI,4.480646133422852,c04_hlgauss_d2_logit_max100k_K128_s0.75_d32 [dist-ba-v6-mainpath-groove-c04-cc0]
dist-ba-v6-mainpath-groove-c04-cc1,c04_hlgauss_d2_logit_max100k_K128_s0.75_d32,HLA-A*02:01,50,0.9983165264129639,9.961312294006348,SLLQHLIGL,4.184505939483643,c04_hlgauss_d2_logit_max100k_K128_s0.75_d32 [dist-ba-v6-mainpath-groove-c04-cc1]
dist-ba-v6-mainpath-groove-c04-cc1,c04_hlgauss_d2_logit_max100k_K128_s0.75_d32,HLA-A*24:02,50,3.5779664516448975,3784.1328125,SLLQHLIGL,4.249805450439453,c04_hlgauss_d2_logit_max100k_K128_s0.75_d32 [dist-ba-v6-mainpath-groove-c04-cc1]
dist-ba-v6-mainpath-groove-c04-cc1,c04_hlgauss_d2_logit_max100k_K128_s0.75_d32,HLA-A*02:01,50,1.8071633577346802,64.14507293701172,IMLEGETKL,4.167273044586182,c04_hlgauss_d2_logit_max100k_K128_s0.75_d32 [dist-ba-v6-mainpath-groove-c04-cc1]
dist-ba-v6-mainpath-groove-c04-cc1,c04_hlgauss_d2_logit_max100k_K128_s0.75_d32,HLA-A*24:02,50,4.117486953735352,13106.5126953125,IMLEGETKL,3.6992716789245605,c04_hlgauss_d2_logit_max100k_K128_s0.75_d32 [dist-ba-v6-mainpath-groove-c04-cc1]
dist-ba-v6-mainpath-groove-c04-cc1,c04_hlgauss_d2_logit_max100k_K128_s0.75_d32,HLA-A*02:01,50,2.6072258949279785,404.78643798828125,NFLIKFLLI,4.429259777069092,c04_hlgauss_d2_logit_max100k_K128_s0.75_d32 [dist-ba-v6-mainpath-groove-c04-cc1]
dist-ba-v6-mainpath-groove-c04-cc1,c04_hlgauss_d2_logit_max100k_K128_s0.75_d32,HLA-A*24:02,50,1.8004034757614136,63.154388427734375,NFLIKFLLI,4.40572452545166,c04_hlgauss_d2_logit_max100k_K128_s0.75_d32 [dist-ba-v6-mainpath-groove-c04-cc1]
dist-ba-v6-mainpath-groove-c05-cc0,c05_mhcflurry_additive_max50k_d64,HLA-A*02:01,50,0.8057934045791626,6.39430570602417,SLLQHLIGL,,c05_mhcflurry_additive_max50k_d64 [dist-ba-v6-mainpath-groove-c05-cc0]
dist-ba-v6-mainpath-groove-c05-cc0,c05_mhcflurry_additive_max50k_d64,HLA-A*24:02,50,4.187256813049316,15390.6376953125,SLLQHLIGL,,c05_mhcflurry_additive_max50k_d64 [dist-ba-v6-mainpath-groove-c05-cc0]
dist-ba-v6-mainpath-groove-c05-cc0,c05_mhcflurry_additive_max50k_d64,HLA-A*02:01,50,0.8364717364311218,6.862331867218018,IMLEGETKL,,c05_mhcflurry_additive_max50k_d64 [dist-ba-v6-mainpath-groove-c05-cc0]
dist-ba-v6-mainpath-groove-c05-cc0,c05_mhcflurry_additive_max50k_d64,HLA-A*24:02,50,4.104671478271484,12725.39453125,IMLEGETKL,,c05_mhcflurry_additive_max50k_d64 [dist-ba-v6-mainpath-groove-c05-cc0]
dist-ba-v6-mainpath-groove-c05-cc0,c05_mhcflurry_additive_max50k_d64,HLA-A*02:01,50,3.8350279331207275,6839.5576171875,NFLIKFLLI,,c05_mhcflurry_additive_max50k_d64 [dist-ba-v6-mainpath-groove-c05-cc0]
dist-ba-v6-mainpath-groove-c05-cc0,c05_mhcflurry_additive_max50k_d64,HLA-A*24:02,50,1.187971591949463,15.415994644165039,NFLIKFLLI,,c05_mhcflurry_additive_max50k_d64 [dist-ba-v6-mainpath-groove-c05-cc0]
dist-ba-v6-mainpath-groove-c05-cc1,c05_mhcflurry_additive_max50k_d64,HLA-A*02:01,50,0.2869236469268799,1.9360815286636353,SLLQHLIGL,,c05_mhcflurry_additive_max50k_d64 [dist-ba-v6-mainpath-groove-c05-cc1]
dist-ba-v6-mainpath-groove-c05-cc1,c05_mhcflurry_additive_max50k_d64,HLA-A*24:02,50,3.409644842147827,2568.295166015625,SLLQHLIGL,,c05_mhcflurry_additive_max50k_d64 [dist-ba-v6-mainpath-groove-c05-cc1]
dist-ba-v6-mainpath-groove-c05-cc1,c05_mhcflurry_additive_max50k_d64,HLA-A*02:01,50,0.7407318353652954,5.504676818847656,IMLEGETKL,,c05_mhcflurry_additive_max50k_d64 [dist-ba-v6-mainpath-groove-c05-cc1]
dist-ba-v6-mainpath-groove-c05-cc1,c05_mhcflurry_additive_max50k_d64,HLA-A*24:02,50,3.9382476806640625,8674.5654296875,IMLEGETKL,,c05_mhcflurry_additive_max50k_d64 [dist-ba-v6-mainpath-groove-c05-cc1]
dist-ba-v6-mainpath-groove-c05-cc1,c05_mhcflurry_additive_max50k_d64,HLA-A*02:01,50,3.233964443206787,1713.8170166015625,NFLIKFLLI,,c05_mhcflurry_additive_max50k_d64 [dist-ba-v6-mainpath-groove-c05-cc1]
dist-ba-v6-mainpath-groove-c05-cc1,c05_mhcflurry_additive_max50k_d64,HLA-A*24:02,50,0.6010870933532715,3.99104905128479,NFLIKFLLI,,c05_mhcflurry_additive_max50k_d64 [dist-ba-v6-mainpath-groove-c05-cc1]
dist-ba-v6-mainpath-groove-c06-cc0,c06_mhcflurry_additive_max100k_d64,HLA-A*02:01,50,0.6291231513023376,4.257191181182861,SLLQHLIGL,,c06_mhcflurry_additive_max100k_d64 [dist-ba-v6-mainpath-groove-c06-cc0]
dist-ba-v6-mainpath-groove-c06-cc0,c06_mhcflurry_additive_max100k_d64,HLA-A*24:02,50,3.6580164432525635,4550.0517578125,SLLQHLIGL,,c06_mhcflurry_additive_max100k_d64 [dist-ba-v6-mainpath-groove-c06-cc0]
dist-ba-v6-mainpath-groove-c06-cc0,c06_mhcflurry_additive_max100k_d64,HLA-A*02:01,50,0.7456406950950623,5.567249774932861,IMLEGETKL,,c06_mhcflurry_additive_max100k_d64 [dist-ba-v6-mainpath-groove-c06-cc0]
dist-ba-v6-mainpath-groove-c06-cc0,c06_mhcflurry_additive_max100k_d64,HLA-A*24:02,50,2.940708875656128,872.3865966796875,IMLEGETKL,,c06_mhcflurry_additive_max100k_d64 [dist-ba-v6-mainpath-groove-c06-cc0]
dist-ba-v6-mainpath-groove-c06-cc0,c06_mhcflurry_additive_max100k_d64,HLA-A*02:01,50,3.8914449214935303,7788.33837890625,NFLIKFLLI,,c06_mhcflurry_additive_max100k_d64 [dist-ba-v6-mainpath-groove-c06-cc0]
dist-ba-v6-mainpath-groove-c06-cc0,c06_mhcflurry_additive_max100k_d64,HLA-A*24:02,50,1.137186050415039,13.714690208435059,NFLIKFLLI,,c06_mhcflurry_additive_max100k_d64 [dist-ba-v6-mainpath-groove-c06-cc0]
dist-ba-v6-mainpath-groove-c06-cc1,c06_mhcflurry_additive_max100k_d64,HLA-A*02:01,50,0.24490594863891602,1.7575429677963257,SLLQHLIGL,,c06_mhcflurry_additive_max100k_d64 [dist-ba-v6-mainpath-groove-c06-cc1]
dist-ba-v6-mainpath-groove-c06-cc1,c06_mhcflurry_additive_max100k_d64,HLA-A*24:02,50,3.02262020111084,1053.4649658203125,SLLQHLIGL,,c06_mhcflurry_additive_max100k_d64 [dist-ba-v6-mainpath-groove-c06-cc1]
dist-ba-v6-mainpath-groove-c06-cc1,c06_mhcflurry_additive_max100k_d64,HLA-A*02:01,50,0.89042067527771,7.769993782043457,IMLEGETKL,,c06_mhcflurry_additive_max100k_d64 [dist-ba-v6-mainpath-groove-c06-cc1]
dist-ba-v6-mainpath-groove-c06-cc1,c06_mhcflurry_additive_max100k_d64,HLA-A*24:02,50,3.841078281402588,6935.50830078125,IMLEGETKL,,c06_mhcflurry_additive_max100k_d64 [dist-ba-v6-mainpath-groove-c06-cc1]
dist-ba-v6-mainpath-groove-c06-cc1,c06_mhcflurry_additive_max100k_d64,HLA-A*02:01,50,2.728797197341919,535.5465087890625,NFLIKFLLI,,c06_mhcflurry_additive_max100k_d64 [dist-ba-v6-mainpath-groove-c06-cc1]
dist-ba-v6-mainpath-groove-c06-cc1,c06_mhcflurry_additive_max100k_d64,HLA-A*24:02,50,0.6160077452659607,4.130548477172852,NFLIKFLLI,,c06_mhcflurry_additive_max100k_d64 [dist-ba-v6-mainpath-groove-c06-cc1]
dist-ba-v6-mainpath-groove-c07-cc0,c07_hlgauss_d2_logit_max50k_K128_s0.75_d64,HLA-A*02:01,50,1.1881844997406006,15.423555374145508,SLLQHLIGL,3.8719234466552734,c07_hlgauss_d2_logit_max50k_K128_s0.75_d64 [dist-ba-v6-mainpath-groove-c07-cc0]
dist-ba-v6-mainpath-groove-c07-cc0,c07_hlgauss_d2_logit_max50k_K128_s0.75_d64,HLA-A*24:02,50,3.2399327754974365,1737.531982421875,SLLQHLIGL,3.767960548400879,c07_hlgauss_d2_logit_max50k_K128_s0.75_d64 [dist-ba-v6-mainpath-groove-c07-cc0]
dist-ba-v6-mainpath-groove-c07-cc0,c07_hlgauss_d2_logit_max50k_K128_s0.75_d64,HLA-A*02:01,50,1.3549330234527588,22.642948150634766,IMLEGETKL,3.9459781646728516,c07_hlgauss_d2_logit_max50k_K128_s0.75_d64 [dist-ba-v6-mainpath-groove-c07-cc0]
dist-ba-v6-mainpath-groove-c07-cc0,c07_hlgauss_d2_logit_max50k_K128_s0.75_d64,HLA-A*24:02,50,2.4898788928985596,308.943359375,IMLEGETKL,4.203798294067383,c07_hlgauss_d2_logit_max50k_K128_s0.75_d64 [dist-ba-v6-mainpath-groove-c07-cc0]
dist-ba-v6-mainpath-groove-c07-cc0,c07_hlgauss_d2_logit_max50k_K128_s0.75_d64,HLA-A*02:01,50,4.200164318084717,15854.9326171875,NFLIKFLLI,2.397557258605957,c07_hlgauss_d2_logit_max50k_K128_s0.75_d64 [dist-ba-v6-mainpath-groove-c07-cc0]
dist-ba-v6-mainpath-groove-c07-cc0,c07_hlgauss_d2_logit_max50k_K128_s0.75_d64,HLA-A*24:02,50,1.1933764219284058,15.609046936035156,NFLIKFLLI,3.947584629058838,c07_hlgauss_d2_logit_max50k_K128_s0.75_d64 [dist-ba-v6-mainpath-groove-c07-cc0]
dist-ba-v6-mainpath-groove-c07-cc1,c07_hlgauss_d2_logit_max50k_K128_s0.75_d64,HLA-A*02:01,50,0.7777332067489624,5.994226932525635,SLLQHLIGL,3.409276008605957,c07_hlgauss_d2_logit_max50k_K128_s0.75_d64 [dist-ba-v6-mainpath-groove-c07-cc1]
dist-ba-v6-mainpath-groove-c07-cc1,c07_hlgauss_d2_logit_max50k_K128_s0.75_d64,HLA-A*24:02,50,2.4636940956115723,290.8668212890625,SLLQHLIGL,3.320305824279785,c07_hlgauss_d2_logit_max50k_K128_s0.75_d64 [dist-ba-v6-mainpath-groove-c07-cc1]
dist-ba-v6-mainpath-groove-c07-cc1,c07_hlgauss_d2_logit_max50k_K128_s0.75_d64,HLA-A*02:01,50,0.8471486568450928,7.033130645751953,IMLEGETKL,3.067290782928467,c07_hlgauss_d2_logit_max50k_K128_s0.75_d64 [dist-ba-v6-mainpath-groove-c07-cc1]
dist-ba-v6-mainpath-groove-c07-cc1,c07_hlgauss_d2_logit_max50k_K128_s0.75_d64,HLA-A*24:02,50,2.887895107269287,772.4940795898438,IMLEGETKL,3.1677401065826416,c07_hlgauss_d2_logit_max50k_K128_s0.75_d64 [dist-ba-v6-mainpath-groove-c07-cc1]
dist-ba-v6-mainpath-groove-c07-cc1,c07_hlgauss_d2_logit_max50k_K128_s0.75_d64,HLA-A*02:01,50,3.0830495357513428,1210.736328125,NFLIKFLLI,3.45306134223938,c07_hlgauss_d2_logit_max50k_K128_s0.75_d64 [dist-ba-v6-mainpath-groove-c07-cc1]
dist-ba-v6-mainpath-groove-c07-cc1,c07_hlgauss_d2_logit_max50k_K128_s0.75_d64,HLA-A*24:02,50,1.847655177116394,70.41336822509766,NFLIKFLLI,4.2799530029296875,c07_hlgauss_d2_logit_max50k_K128_s0.75_d64 [dist-ba-v6-mainpath-groove-c07-cc1]
dist-ba-v6-mainpath-groove-c08-cc0,c08_hlgauss_d2_logit_max100k_K128_s0.75_d64,HLA-A*02:01,50,0.9335461854934692,8.58116340637207,SLLQHLIGL,3.963139772415161,c08_hlgauss_d2_logit_max100k_K128_s0.75_d64 [dist-ba-v6-mainpath-groove-c08-cc0]
dist-ba-v6-mainpath-groove-c08-cc0,c08_hlgauss_d2_logit_max100k_K128_s0.75_d64,HLA-A*24:02,50,2.483783483505249,304.63763427734375,SLLQHLIGL,4.191304683685303,c08_hlgauss_d2_logit_max100k_K128_s0.75_d64 [dist-ba-v6-mainpath-groove-c08-cc0]
dist-ba-v6-mainpath-groove-c08-cc0,c08_hlgauss_d2_logit_max100k_K128_s0.75_d64,HLA-A*02:01,50,0.45348191261291504,2.8410699367523193,IMLEGETKL,3.2167484760284424,c08_hlgauss_d2_logit_max100k_K128_s0.75_d64 [dist-ba-v6-mainpath-groove-c08-cc0]
dist-ba-v6-mainpath-groove-c08-cc0,c08_hlgauss_d2_logit_max100k_K128_s0.75_d64,HLA-A*24:02,50,2.052980422973633,112.9745101928711,IMLEGETKL,4.136258602142334,c08_hlgauss_d2_logit_max100k_K128_s0.75_d64 [dist-ba-v6-mainpath-groove-c08-cc0]
dist-ba-v6-mainpath-groove-c08-cc0,c08_hlgauss_d2_logit_max100k_K128_s0.75_d64,HLA-A*02:01,50,3.6379897594451904,4345.00048828125,NFLIKFLLI,3.828582525253296,c08_hlgauss_d2_logit_max100k_K128_s0.75_d64 [dist-ba-v6-mainpath-groove-c08-cc0]
dist-ba-v6-mainpath-groove-c08-cc0,c08_hlgauss_d2_logit_max100k_K128_s0.75_d64,HLA-A*24:02,50,2.551621675491333,356.1407470703125,NFLIKFLLI,4.2066330909729,c08_hlgauss_d2_logit_max100k_K128_s0.75_d64 [dist-ba-v6-mainpath-groove-c08-cc0]
dist-ba-v6-mainpath-groove-c08-cc1,c08_hlgauss_d2_logit_max100k_K128_s0.75_d64,HLA-A*02:01,50,0.7156339287757874,5.195578575134277,SLLQHLIGL,3.4579081535339355,c08_hlgauss_d2_logit_max100k_K128_s0.75_d64 [dist-ba-v6-mainpath-groove-c08-cc1]
dist-ba-v6-mainpath-groove-c08-cc1,c08_hlgauss_d2_logit_max100k_K128_s0.75_d64,HLA-A*24:02,50,4.722122669219971,52737.8671875,SLLQHLIGL,2.2181506156921387,c08_hlgauss_d2_logit_max100k_K128_s0.75_d64 [dist-ba-v6-mainpath-groove-c08-cc1]
dist-ba-v6-mainpath-groove-c08-cc1,c08_hlgauss_d2_logit_max100k_K128_s0.75_d64,HLA-A*02:01,50,0.8467654585838318,7.0269269943237305,IMLEGETKL,2.4878787994384766,c08_hlgauss_d2_logit_max100k_K128_s0.75_d64 [dist-ba-v6-mainpath-groove-c08-cc1]
dist-ba-v6-mainpath-groove-c08-cc1,c08_hlgauss_d2_logit_max100k_K128_s0.75_d64,HLA-A*24:02,50,2.495042324066162,312.6383361816406,IMLEGETKL,4.0687761306762695,c08_hlgauss_d2_logit_max100k_K128_s0.75_d64 [dist-ba-v6-mainpath-groove-c08-cc1]
dist-ba-v6-mainpath-groove-c08-cc1,c08_hlgauss_d2_logit_max100k_K128_s0.75_d64,HLA-A*02:01,50,3.0199849605560303,1047.092529296875,NFLIKFLLI,3.6051886081695557,c08_hlgauss_d2_logit_max100k_K128_s0.75_d64 [dist-ba-v6-mainpath-groove-c08-cc1]
dist-ba-v6-mainpath-groove-c08-cc1,c08_hlgauss_d2_logit_max100k_K128_s0.75_d64,HLA-A*24:02,50,1.9301754236221313,85.148193359375,NFLIKFLLI,4.111429214477539,c08_hlgauss_d2_logit_max100k_K128_s0.75_d64 [dist-ba-v6-mainpath-groove-c08-cc1]
dist-ba-v6-mainpath-groove-c09-cc0,c09_mhcflurry_additive_max50k,HLA-A*02:01,50,2.2827847003936768,191.7717742919922,SLLQHLIGL,,c09_mhcflurry_additive_max50k [dist-ba-v6-mainpath-groove-c09-cc0]
dist-ba-v6-mainpath-groove-c09-cc0,c09_mhcflurry_additive_max50k,HLA-A*24:02,50,4.631761074066162,42831.28125,SLLQHLIGL,,c09_mhcflurry_additive_max50k [dist-ba-v6-mainpath-groove-c09-cc0]
dist-ba-v6-mainpath-groove-c09-cc0,c09_mhcflurry_additive_max50k,HLA-A*02:01,50,1.7956480979919434,62.46662902832031,IMLEGETKL,,c09_mhcflurry_additive_max50k [dist-ba-v6-mainpath-groove-c09-cc0]
dist-ba-v6-mainpath-groove-c09-cc0,c09_mhcflurry_additive_max50k,HLA-A*24:02,50,4.478346824645996,30084.771484375,IMLEGETKL,,c09_mhcflurry_additive_max50k [dist-ba-v6-mainpath-groove-c09-cc0]
dist-ba-v6-mainpath-groove-c09-cc0,c09_mhcflurry_additive_max50k,HLA-A*02:01,50,4.417308807373047,26140.193359375,NFLIKFLLI,,c09_mhcflurry_additive_max50k [dist-ba-v6-mainpath-groove-c09-cc0]
dist-ba-v6-mainpath-groove-c09-cc0,c09_mhcflurry_additive_max50k,HLA-A*24:02,50,1.5524909496307373,35.685428619384766,NFLIKFLLI,,c09_mhcflurry_additive_max50k [dist-ba-v6-mainpath-groove-c09-cc0]
dist-ba-v6-mainpath-groove-c09-cc1,c09_mhcflurry_additive_max50k,HLA-A*02:01,50,2.7633750438690186,579.92919921875,SLLQHLIGL,,c09_mhcflurry_additive_max50k [dist-ba-v6-mainpath-groove-c09-cc1]
dist-ba-v6-mainpath-groove-c09-cc1,c09_mhcflurry_additive_max50k,HLA-A*24:02,50,4.485274314880371,30568.5078125,SLLQHLIGL,,c09_mhcflurry_additive_max50k [dist-ba-v6-mainpath-groove-c09-cc1]
dist-ba-v6-mainpath-groove-c09-cc1,c09_mhcflurry_additive_max50k,HLA-A*02:01,50,2.4762167930603027,299.3759460449219,IMLEGETKL,,c09_mhcflurry_additive_max50k [dist-ba-v6-mainpath-groove-c09-cc1]
dist-ba-v6-mainpath-groove-c09-cc1,c09_mhcflurry_additive_max50k,HLA-A*24:02,50,3.9950127601623535,9885.8212890625,IMLEGETKL,,c09_mhcflurry_additive_max50k [dist-ba-v6-mainpath-groove-c09-cc1]
dist-ba-v6-mainpath-groove-c09-cc1,c09_mhcflurry_additive_max50k,HLA-A*02:01,50,4.0244340896606445,10578.7431640625,NFLIKFLLI,,c09_mhcflurry_additive_max50k [dist-ba-v6-mainpath-groove-c09-cc1]
dist-ba-v6-mainpath-groove-c09-cc1,c09_mhcflurry_additive_max50k,HLA-A*24:02,50,2.225525379180908,168.08358764648438,NFLIKFLLI,,c09_mhcflurry_additive_max50k [dist-ba-v6-mainpath-groove-c09-cc1]
dist-ba-v6-mainpath-groove-c10-cc0,c10_mhcflurry_additive_max100k,HLA-A*02:01,50,1.8007586002349854,63.20603561401367,SLLQHLIGL,,c10_mhcflurry_additive_max100k [dist-ba-v6-mainpath-groove-c10-cc0]
dist-ba-v6-mainpath-groove-c10-cc0,c10_mhcflurry_additive_max100k,HLA-A*24:02,50,4.212132930755615,16297.9501953125,SLLQHLIGL,,c10_mhcflurry_additive_max100k [dist-ba-v6-mainpath-groove-c10-cc0]
dist-ba-v6-mainpath-groove-c10-cc0,c10_mhcflurry_additive_max100k,HLA-A*02:01,50,2.0218231678009033,105.15338134765625,IMLEGETKL,,c10_mhcflurry_additive_max100k [dist-ba-v6-mainpath-groove-c10-cc0]
dist-ba-v6-mainpath-groove-c10-cc0,c10_mhcflurry_additive_max100k,HLA-A*24:02,50,4.365004062652588,23174.17578125,IMLEGETKL,,c10_mhcflurry_additive_max100k [dist-ba-v6-mainpath-groove-c10-cc0]
dist-ba-v6-mainpath-groove-c10-cc0,c10_mhcflurry_additive_max100k,HLA-A*02:01,50,4.390859127044678,24595.70703125,NFLIKFLLI,,c10_mhcflurry_additive_max100k [dist-ba-v6-mainpath-groove-c10-cc0]
dist-ba-v6-mainpath-groove-c10-cc0,c10_mhcflurry_additive_max100k,HLA-A*24:02,50,1.708932876586914,51.16027069091797,NFLIKFLLI,,c10_mhcflurry_additive_max100k [dist-ba-v6-mainpath-groove-c10-cc0]
dist-ba-v6-mainpath-groove-c10-cc1,c10_mhcflurry_additive_max100k,HLA-A*02:01,50,2.238605260848999,173.222900390625,SLLQHLIGL,,c10_mhcflurry_additive_max100k [dist-ba-v6-mainpath-groove-c10-cc1]
dist-ba-v6-mainpath-groove-c10-cc1,c10_mhcflurry_additive_max100k,HLA-A*24:02,50,4.881646156311035,76145.8671875,SLLQHLIGL,,c10_mhcflurry_additive_max100k [dist-ba-v6-mainpath-groove-c10-cc1]
dist-ba-v6-mainpath-groove-c10-cc1,c10_mhcflurry_additive_max100k,HLA-A*02:01,50,2.5358805656433105,343.46343994140625,IMLEGETKL,,c10_mhcflurry_additive_max100k [dist-ba-v6-mainpath-groove-c10-cc1]
dist-ba-v6-mainpath-groove-c10-cc1,c10_mhcflurry_additive_max100k,HLA-A*24:02,50,4.829198837280273,67483.671875,IMLEGETKL,,c10_mhcflurry_additive_max100k [dist-ba-v6-mainpath-groove-c10-cc1]
dist-ba-v6-mainpath-groove-c10-cc1,c10_mhcflurry_additive_max100k,HLA-A*02:01,50,3.999495029449463,9988.376953125,NFLIKFLLI,,c10_mhcflurry_additive_max100k [dist-ba-v6-mainpath-groove-c10-cc1]
dist-ba-v6-mainpath-groove-c10-cc1,c10_mhcflurry_additive_max100k,HLA-A*24:02,50,2.075416326522827,118.96424102783203,NFLIKFLLI,,c10_mhcflurry_additive_max100k [dist-ba-v6-mainpath-groove-c10-cc1]
dist-ba-v6-mainpath-groove-c11-cc0,c11_hlgauss_d2_logit_max50k_K128_s0.75,HLA-A*02:01,50,0.5504119992256165,3.5515012741088867,SLLQHLIGL,3.4278812408447266,c11_hlgauss_d2_logit_max50k_K128_s0.75 [dist-ba-v6-mainpath-groove-c11-cc0]
dist-ba-v6-mainpath-groove-c11-cc0,c11_hlgauss_d2_logit_max50k_K128_s0.75,HLA-A*24:02,50,4.58342981338501,38320.3828125,SLLQHLIGL,1.7994173765182495,c11_hlgauss_d2_logit_max50k_K128_s0.75 [dist-ba-v6-mainpath-groove-c11-cc0]
dist-ba-v6-mainpath-groove-c11-cc0,c11_hlgauss_d2_logit_max50k_K128_s0.75,HLA-A*02:01,50,1.0538246631622314,11.31943416595459,IMLEGETKL,3.0552010536193848,c11_hlgauss_d2_logit_max50k_K128_s0.75 [dist-ba-v6-mainpath-groove-c11-cc0]
dist-ba-v6-mainpath-groove-c11-cc0,c11_hlgauss_d2_logit_max50k_K128_s0.75,HLA-A*24:02,50,4.481992721557617,30338.41015625,IMLEGETKL,2.0600640773773193,c11_hlgauss_d2_logit_max50k_K128_s0.75 [dist-ba-v6-mainpath-groove-c11-cc0]
dist-ba-v6-mainpath-groove-c11-cc0,c11_hlgauss_d2_logit_max50k_K128_s0.75,HLA-A*02:01,50,4.61239767074585,40963.5546875,NFLIKFLLI,1.438685417175293,c11_hlgauss_d2_logit_max50k_K128_s0.75 [dist-ba-v6-mainpath-groove-c11-cc0]
dist-ba-v6-mainpath-groove-c11-cc0,c11_hlgauss_d2_logit_max50k_K128_s0.75,HLA-A*24:02,50,2.4031341075897217,253.00790405273438,NFLIKFLLI,4.195756435394287,c11_hlgauss_d2_logit_max50k_K128_s0.75 [dist-ba-v6-mainpath-groove-c11-cc0]
dist-ba-v6-mainpath-groove-c11-cc1,c11_hlgauss_d2_logit_max50k_K128_s0.75,HLA-A*02:01,50,3.556279182434082,3599.807373046875,SLLQHLIGL,3.8923120498657227,c11_hlgauss_d2_logit_max50k_K128_s0.75 [dist-ba-v6-mainpath-groove-c11-cc1]
dist-ba-v6-mainpath-groove-c11-cc1,c11_hlgauss_d2_logit_max50k_K128_s0.75,HLA-A*24:02,50,4.6013031005859375,39930.359375,SLLQHLIGL,1.2977242469787598,c11_hlgauss_d2_logit_max50k_K128_s0.75 [dist-ba-v6-mainpath-groove-c11-cc1]
dist-ba-v6-mainpath-groove-c11-cc1,c11_hlgauss_d2_logit_max50k_K128_s0.75,HLA-A*02:01,50,1.5054696798324585,32.02356719970703,IMLEGETKL,2.5155272483825684,c11_hlgauss_d2_logit_max50k_K128_s0.75 [dist-ba-v6-mainpath-groove-c11-cc1]
dist-ba-v6-mainpath-groove-c11-cc1,c11_hlgauss_d2_logit_max50k_K128_s0.75,HLA-A*24:02,50,4.662102699279785,45930.6640625,IMLEGETKL,0.5758993625640869,c11_hlgauss_d2_logit_max50k_K128_s0.75 [dist-ba-v6-mainpath-groove-c11-cc1]
dist-ba-v6-mainpath-groove-c11-cc1,c11_hlgauss_d2_logit_max50k_K128_s0.75,HLA-A*02:01,50,4.673023223876953,47100.23828125,NFLIKFLLI,0.4672829508781433,c11_hlgauss_d2_logit_max50k_K128_s0.75 [dist-ba-v6-mainpath-groove-c11-cc1]
dist-ba-v6-mainpath-groove-c11-cc1,c11_hlgauss_d2_logit_max50k_K128_s0.75,HLA-A*24:02,50,2.09140944480896,123.42679595947266,NFLIKFLLI,2.5358872413635254,c11_hlgauss_d2_logit_max50k_K128_s0.75 [dist-ba-v6-mainpath-groove-c11-cc1]
dist-ba-v6-mainpath-groove-c12-cc0,c12_hlgauss_d2_logit_max100k_K128_s0.75,HLA-A*02:01,50,1.5142420530319214,32.67698669433594,SLLQHLIGL,3.846978187561035,c12_hlgauss_d2_logit_max100k_K128_s0.75 [dist-ba-v6-mainpath-groove-c12-cc0]
dist-ba-v6-mainpath-groove-c12-cc0,c12_hlgauss_d2_logit_max100k_K128_s0.75,HLA-A*24:02,50,4.375201225280762,23724.720703125,SLLQHLIGL,2.556262969970703,c12_hlgauss_d2_logit_max100k_K128_s0.75 [dist-ba-v6-mainpath-groove-c12-cc0]
dist-ba-v6-mainpath-groove-c12-cc0,c12_hlgauss_d2_logit_max100k_K128_s0.75,HLA-A*02:01,50,1.2445979118347168,17.56296730041504,IMLEGETKL,3.3194947242736816,c12_hlgauss_d2_logit_max100k_K128_s0.75 [dist-ba-v6-mainpath-groove-c12-cc0]
dist-ba-v6-mainpath-groove-c12-cc0,c12_hlgauss_d2_logit_max100k_K128_s0.75,HLA-A*24:02,50,4.217281341552734,16492.302734375,IMLEGETKL,2.734959602355957,c12_hlgauss_d2_logit_max100k_K128_s0.75 [dist-ba-v6-mainpath-groove-c12-cc0]
dist-ba-v6-mainpath-groove-c12-cc0,c12_hlgauss_d2_logit_max100k_K128_s0.75,HLA-A*02:01,50,4.877326488494873,75392.21875,NFLIKFLLI,1.6474964618682861,c12_hlgauss_d2_logit_max100k_K128_s0.75 [dist-ba-v6-mainpath-groove-c12-cc0]
dist-ba-v6-mainpath-groove-c12-cc0,c12_hlgauss_d2_logit_max100k_K128_s0.75,HLA-A*24:02,50,0.834597647190094,6.832783222198486,NFLIKFLLI,3.1737143993377686,c12_hlgauss_d2_logit_max100k_K128_s0.75 [dist-ba-v6-mainpath-groove-c12-cc0]
dist-ba-v6-mainpath-groove-c12-cc1,c12_hlgauss_d2_logit_max100k_K128_s0.75,HLA-A*02:01,50,1.3447144031524658,22.116397857666016,SLLQHLIGL,3.600085735321045,c12_hlgauss_d2_logit_max100k_K128_s0.75 [dist-ba-v6-mainpath-groove-c12-cc1]
dist-ba-v6-mainpath-groove-c12-cc1,c12_hlgauss_d2_logit_max100k_K128_s0.75,HLA-A*24:02,50,4.233883857727051,17134.982421875,SLLQHLIGL,2.9826743602752686,c12_hlgauss_d2_logit_max100k_K128_s0.75 [dist-ba-v6-mainpath-groove-c12-cc1]
dist-ba-v6-mainpath-groove-c12-cc1,c12_hlgauss_d2_logit_max100k_K128_s0.75,HLA-A*02:01,50,1.966294527053833,92.53255462646484,IMLEGETKL,2.9602959156036377,c12_hlgauss_d2_logit_max100k_K128_s0.75 [dist-ba-v6-mainpath-groove-c12-cc1]
dist-ba-v6-mainpath-groove-c12-cc1,c12_hlgauss_d2_logit_max100k_K128_s0.75,HLA-A*24:02,50,3.577486991882324,3779.958740234375,IMLEGETKL,3.204939603805542,c12_hlgauss_d2_logit_max100k_K128_s0.75 [dist-ba-v6-mainpath-groove-c12-cc1]
dist-ba-v6-mainpath-groove-c12-cc1,c12_hlgauss_d2_logit_max100k_K128_s0.75,HLA-A*02:01,50,4.702741622924805,50436.1171875,NFLIKFLLI,2.5479092597961426,c12_hlgauss_d2_logit_max100k_K128_s0.75 [dist-ba-v6-mainpath-groove-c12-cc1]
dist-ba-v6-mainpath-groove-c12-cc1,c12_hlgauss_d2_logit_max100k_K128_s0.75,HLA-A*24:02,50,0.3262236714363098,2.119452476501465,NFLIKFLLI,2.507232666015625,c12_hlgauss_d2_logit_max100k_K128_s0.75 [dist-ba-v6-mainpath-groove-c12-cc1]
dist-ba-v6-mainpath-groove-c13-cc0,c13_mhcflurry_additive_max50k_d256,HLA-A*02:01,50,1.98582124710083,96.78794860839844,SLLQHLIGL,,c13_mhcflurry_additive_max50k_d256 [dist-ba-v6-mainpath-groove-c13-cc0]
dist-ba-v6-mainpath-groove-c13-cc0,c13_mhcflurry_additive_max50k_d256,HLA-A*24:02,50,4.417356491088867,26143.076171875,SLLQHLIGL,,c13_mhcflurry_additive_max50k_d256 [dist-ba-v6-mainpath-groove-c13-cc0]
dist-ba-v6-mainpath-groove-c13-cc0,c13_mhcflurry_additive_max50k_d256,HLA-A*02:01,50,1.394463062286377,24.80065155029297,IMLEGETKL,,c13_mhcflurry_additive_max50k_d256 [dist-ba-v6-mainpath-groove-c13-cc0]
dist-ba-v6-mainpath-groove-c13-cc0,c13_mhcflurry_additive_max50k_d256,HLA-A*24:02,50,4.397534370422363,24976.671875,IMLEGETKL,,c13_mhcflurry_additive_max50k_d256 [dist-ba-v6-mainpath-groove-c13-cc0]
dist-ba-v6-mainpath-groove-c13-cc0,c13_mhcflurry_additive_max50k_d256,HLA-A*02:01,50,3.996515989303589,9920.09765625,NFLIKFLLI,,c13_mhcflurry_additive_max50k_d256 [dist-ba-v6-mainpath-groove-c13-cc0]
dist-ba-v6-mainpath-groove-c13-cc0,c13_mhcflurry_additive_max50k_d256,HLA-A*24:02,50,0.4302578866481781,2.693133592605591,NFLIKFLLI,,c13_mhcflurry_additive_max50k_d256 [dist-ba-v6-mainpath-groove-c13-cc0]
dist-ba-v6-mainpath-groove-c13-cc1,c13_mhcflurry_additive_max50k_d256,HLA-A*02:01,50,0.7453875541687012,5.5640058517456055,SLLQHLIGL,,c13_mhcflurry_additive_max50k_d256 [dist-ba-v6-mainpath-groove-c13-cc1]
dist-ba-v6-mainpath-groove-c13-cc1,c13_mhcflurry_additive_max50k_d256,HLA-A*24:02,50,4.03965950012207,10956.189453125,SLLQHLIGL,,c13_mhcflurry_additive_max50k_d256 [dist-ba-v6-mainpath-groove-c13-cc1]
dist-ba-v6-mainpath-groove-c13-cc1,c13_mhcflurry_additive_max50k_d256,HLA-A*02:01,50,1.6246082782745361,42.131629943847656,IMLEGETKL,,c13_mhcflurry_additive_max50k_d256 [dist-ba-v6-mainpath-groove-c13-cc1]
dist-ba-v6-mainpath-groove-c13-cc1,c13_mhcflurry_additive_max50k_d256,HLA-A*24:02,50,4.084438800811768,12146.154296875,IMLEGETKL,,c13_mhcflurry_additive_max50k_d256 [dist-ba-v6-mainpath-groove-c13-cc1]
dist-ba-v6-mainpath-groove-c13-cc1,c13_mhcflurry_additive_max50k_d256,HLA-A*02:01,50,3.4577364921569824,2869.038818359375,NFLIKFLLI,,c13_mhcflurry_additive_max50k_d256 [dist-ba-v6-mainpath-groove-c13-cc1]
dist-ba-v6-mainpath-groove-c13-cc1,c13_mhcflurry_additive_max50k_d256,HLA-A*24:02,50,1.731568694114685,53.89751434326172,NFLIKFLLI,,c13_mhcflurry_additive_max50k_d256 [dist-ba-v6-mainpath-groove-c13-cc1]
dist-ba-v6-mainpath-groove-c14-cc0,c14_mhcflurry_additive_max100k_d256,HLA-A*02:01,50,1.034559965133667,10.828290939331055,SLLQHLIGL,,c14_mhcflurry_additive_max100k_d256 [dist-ba-v6-mainpath-groove-c14-cc0]
dist-ba-v6-mainpath-groove-c14-cc0,c14_mhcflurry_additive_max100k_d256,HLA-A*24:02,50,4.68330192565918,48228.27734375,SLLQHLIGL,,c14_mhcflurry_additive_max100k_d256 [dist-ba-v6-mainpath-groove-c14-cc0]
dist-ba-v6-mainpath-groove-c14-cc0,c14_mhcflurry_additive_max100k_d256,HLA-A*02:01,50,0.9618166089057922,9.158336639404297,IMLEGETKL,,c14_mhcflurry_additive_max100k_d256 [dist-ba-v6-mainpath-groove-c14-cc0]
dist-ba-v6-mainpath-groove-c14-cc0,c14_mhcflurry_additive_max100k_d256,HLA-A*24:02,50,4.444571495056152,27833.75,IMLEGETKL,,c14_mhcflurry_additive_max100k_d256 [dist-ba-v6-mainpath-groove-c14-cc0]
dist-ba-v6-mainpath-groove-c14-cc0,c14_mhcflurry_additive_max100k_d256,HLA-A*02:01,50,4.150400638580322,14138.416015625,NFLIKFLLI,,c14_mhcflurry_additive_max100k_d256 [dist-ba-v6-mainpath-groove-c14-cc0]
dist-ba-v6-mainpath-groove-c14-cc0,c14_mhcflurry_additive_max100k_d256,HLA-A*24:02,50,0.6425604224205017,4.390969276428223,NFLIKFLLI,,c14_mhcflurry_additive_max100k_d256 [dist-ba-v6-mainpath-groove-c14-cc0]
dist-ba-v6-mainpath-groove-c14-cc1,c14_mhcflurry_additive_max100k_d256,HLA-A*02:01,50,0.7678312063217163,5.859104156494141,SLLQHLIGL,,c14_mhcflurry_additive_max100k_d256 [dist-ba-v6-mainpath-groove-c14-cc1]
dist-ba-v6-mainpath-groove-c14-cc1,c14_mhcflurry_additive_max100k_d256,HLA-A*24:02,50,4.555789470672607,35957.50390625,SLLQHLIGL,,c14_mhcflurry_additive_max100k_d256 [dist-ba-v6-mainpath-groove-c14-cc1]
dist-ba-v6-mainpath-groove-c14-cc1,c14_mhcflurry_additive_max100k_d256,HLA-A*02:01,50,1.0717222690582275,11.795659065246582,IMLEGETKL,,c14_mhcflurry_additive_max100k_d256 [dist-ba-v6-mainpath-groove-c14-cc1]
dist-ba-v6-mainpath-groove-c14-cc1,c14_mhcflurry_additive_max100k_d256,HLA-A*24:02,50,4.305628776550293,20212.896484375,IMLEGETKL,,c14_mhcflurry_additive_max100k_d256 [dist-ba-v6-mainpath-groove-c14-cc1]
dist-ba-v6-mainpath-groove-c14-cc1,c14_mhcflurry_additive_max100k_d256,HLA-A*02:01,50,3.4314215183258057,2700.359130859375,NFLIKFLLI,,c14_mhcflurry_additive_max100k_d256 [dist-ba-v6-mainpath-groove-c14-cc1]
dist-ba-v6-mainpath-groove-c14-cc1,c14_mhcflurry_additive_max100k_d256,HLA-A*24:02,50,1.7700328826904297,58.888832092285156,NFLIKFLLI,,c14_mhcflurry_additive_max100k_d256 [dist-ba-v6-mainpath-groove-c14-cc1]
dist-ba-v6-mainpath-groove-c15-cc0,c15_hlgauss_d2_logit_max50k_K128_s0.75_d256,HLA-A*02:01,50,1.1236622333526611,13.294201850891113,SLLQHLIGL,2.8201184272766113,c15_hlgauss_d2_logit_max50k_K128_s0.75_d256 [dist-ba-v6-mainpath-groove-c15-cc0]
dist-ba-v6-mainpath-groove-c15-cc0,c15_hlgauss_d2_logit_max50k_K128_s0.75_d256,HLA-A*24:02,50,4.474542617797852,29822.416015625,SLLQHLIGL,1.9560128450393677,c15_hlgauss_d2_logit_max50k_K128_s0.75_d256 [dist-ba-v6-mainpath-groove-c15-cc0]
dist-ba-v6-mainpath-groove-c15-cc0,c15_hlgauss_d2_logit_max50k_K128_s0.75_d256,HLA-A*02:01,50,0.9649184942245483,9.223982810974121,IMLEGETKL,1.4393202066421509,c15_hlgauss_d2_logit_max50k_K128_s0.75_d256 [dist-ba-v6-mainpath-groove-c15-cc0]
dist-ba-v6-mainpath-groove-c15-cc0,c15_hlgauss_d2_logit_max50k_K128_s0.75_d256,HLA-A*24:02,50,3.7942276000976562,6226.2646484375,IMLEGETKL,2.6473381519317627,c15_hlgauss_d2_logit_max50k_K128_s0.75_d256 [dist-ba-v6-mainpath-groove-c15-cc0]
dist-ba-v6-mainpath-groove-c15-cc0,c15_hlgauss_d2_logit_max50k_K128_s0.75_d256,HLA-A*02:01,50,3.94853138923645,8882.419921875,NFLIKFLLI,1.540802240371704,c15_hlgauss_d2_logit_max50k_K128_s0.75_d256 [dist-ba-v6-mainpath-groove-c15-cc0]
dist-ba-v6-mainpath-groove-c15-cc0,c15_hlgauss_d2_logit_max50k_K128_s0.75_d256,HLA-A*24:02,50,1.1057193279266357,12.756139755249023,NFLIKFLLI,1.969787836074829,c15_hlgauss_d2_logit_max50k_K128_s0.75_d256 [dist-ba-v6-mainpath-groove-c15-cc0]
dist-ba-v6-mainpath-groove-c15-cc1,c15_hlgauss_d2_logit_max50k_K128_s0.75_d256,HLA-A*02:01,50,0.7351683974266052,5.434610366821289,SLLQHLIGL,3.2006187438964844,c15_hlgauss_d2_logit_max50k_K128_s0.75_d256 [dist-ba-v6-mainpath-groove-c15-cc1]
dist-ba-v6-mainpath-groove-c15-cc1,c15_hlgauss_d2_logit_max50k_K128_s0.75_d256,HLA-A*24:02,50,3.9050207138061523,8035.64453125,SLLQHLIGL,2.2014942169189453,c15_hlgauss_d2_logit_max50k_K128_s0.75_d256 [dist-ba-v6-mainpath-groove-c15-cc1]
dist-ba-v6-mainpath-groove-c15-cc1,c15_hlgauss_d2_logit_max50k_K128_s0.75_d256,HLA-A*02:01,50,0.9018848538398743,7.977831840515137,IMLEGETKL,1.6560783386230469,c15_hlgauss_d2_logit_max50k_K128_s0.75_d256 [dist-ba-v6-mainpath-groove-c15-cc1]
dist-ba-v6-mainpath-groove-c15-cc1,c15_hlgauss_d2_logit_max50k_K128_s0.75_d256,HLA-A*24:02,50,4.671023368835449,46883.87109375,IMLEGETKL,0.5383662581443787,c15_hlgauss_d2_logit_max50k_K128_s0.75_d256 [dist-ba-v6-mainpath-groove-c15-cc1]
dist-ba-v6-mainpath-groove-c15-cc1,c15_hlgauss_d2_logit_max50k_K128_s0.75_d256,HLA-A*02:01,50,4.574866771697998,37572.23046875,NFLIKFLLI,1.1817840337753296,c15_hlgauss_d2_logit_max50k_K128_s0.75_d256 [dist-ba-v6-mainpath-groove-c15-cc1]
dist-ba-v6-mainpath-groove-c15-cc1,c15_hlgauss_d2_logit_max50k_K128_s0.75_d256,HLA-A*24:02,50,0.965029776096344,9.226346969604492,NFLIKFLLI,1.2865815162658691,c15_hlgauss_d2_logit_max50k_K128_s0.75_d256 [dist-ba-v6-mainpath-groove-c15-cc1]
dist-ba-v6-mainpath-groove-c16-cc0,c16_hlgauss_d2_logit_max100k_K128_s0.75_d256,HLA-A*02:01,50,0.6904885172843933,4.9033002853393555,SLLQHLIGL,3.054582357406616,c16_hlgauss_d2_logit_max100k_K128_s0.75_d256 [dist-ba-v6-mainpath-groove-c16-cc0]
dist-ba-v6-mainpath-groove-c16-cc0,c16_hlgauss_d2_logit_max100k_K128_s0.75_d256,HLA-A*24:02,50,4.476078033447266,29928.0078125,SLLQHLIGL,2.639219284057617,c16_hlgauss_d2_logit_max100k_K128_s0.75_d256 [dist-ba-v6-mainpath-groove-c16-cc0]
dist-ba-v6-mainpath-groove-c16-cc0,c16_hlgauss_d2_logit_max100k_K128_s0.75_d256,HLA-A*02:01,50,0.9070028066635132,8.072402954101562,IMLEGETKL,1.253881812095642,c16_hlgauss_d2_logit_max100k_K128_s0.75_d256 [dist-ba-v6-mainpath-groove-c16-cc0]
dist-ba-v6-mainpath-groove-c16-cc0,c16_hlgauss_d2_logit_max100k_K128_s0.75_d256,HLA-A*24:02,50,4.4688615798950195,29434.84765625,IMLEGETKL,2.4576430320739746,c16_hlgauss_d2_logit_max100k_K128_s0.75_d256 [dist-ba-v6-mainpath-groove-c16-cc0]
dist-ba-v6-mainpath-groove-c16-cc0,c16_hlgauss_d2_logit_max100k_K128_s0.75_d256,HLA-A*02:01,50,4.916625499725342,82532.625,NFLIKFLLI,1.1414389610290527,c16_hlgauss_d2_logit_max100k_K128_s0.75_d256 [dist-ba-v6-mainpath-groove-c16-cc0]
dist-ba-v6-mainpath-groove-c16-cc0,c16_hlgauss_d2_logit_max100k_K128_s0.75_d256,HLA-A*24:02,50,1.153549313545227,14.241288185119629,NFLIKFLLI,2.27362322807312,c16_hlgauss_d2_logit_max100k_K128_s0.75_d256 [dist-ba-v6-mainpath-groove-c16-cc0]
dist-ba-v6-mainpath-groove-c16-cc1,c16_hlgauss_d2_logit_max100k_K128_s0.75_d256,HLA-A*02:01,50,0.5327116250991821,3.4096641540527344,SLLQHLIGL,2.094651460647583,c16_hlgauss_d2_logit_max100k_K128_s0.75_d256 [dist-ba-v6-mainpath-groove-c16-cc1]
dist-ba-v6-mainpath-groove-c16-cc1,c16_hlgauss_d2_logit_max100k_K128_s0.75_d256,HLA-A*24:02,50,4.562191486358643,36491.4921875,SLLQHLIGL,2.336885452270508,c16_hlgauss_d2_logit_max100k_K128_s0.75_d256 [dist-ba-v6-mainpath-groove-c16-cc1]
dist-ba-v6-mainpath-groove-c16-cc1,c16_hlgauss_d2_logit_max100k_K128_s0.75_d256,HLA-A*02:01,50,1.1433439254760742,13.910536766052246,IMLEGETKL,1.6002321243286133,c16_hlgauss_d2_logit_max100k_K128_s0.75_d256 [dist-ba-v6-mainpath-groove-c16-cc1]
dist-ba-v6-mainpath-groove-c16-cc1,c16_hlgauss_d2_logit_max100k_K128_s0.75_d256,HLA-A*24:02,50,4.641016960144043,43753.921875,IMLEGETKL,1.2697482109069824,c16_hlgauss_d2_logit_max100k_K128_s0.75_d256 [dist-ba-v6-mainpath-groove-c16-cc1]
dist-ba-v6-mainpath-groove-c16-cc1,c16_hlgauss_d2_logit_max100k_K128_s0.75_d256,HLA-A*02:01,50,4.9207539558410645,83320.9453125,NFLIKFLLI,1.0063332319259644,c16_hlgauss_d2_logit_max100k_K128_s0.75_d256 [dist-ba-v6-mainpath-groove-c16-cc1]
dist-ba-v6-mainpath-groove-c16-cc1,c16_hlgauss_d2_logit_max100k_K128_s0.75_d256,HLA-A*24:02,50,1.0051240921020508,10.118684768676758,NFLIKFLLI,2.1035256385803223,c16_hlgauss_d2_logit_max100k_K128_s0.75_d256 [dist-ba-v6-mainpath-groove-c16-cc1]
