run_id,label,design_id,probe_alleles,train_all_alleles,train_mhc_class_filter,probe_peptides,input_fields,peptide_pos_mode,groove_pos_mode,binding_core_lengths,binding_core_refinement,measurement_profile,measurement_type_filter,qualifier_filter,shared_peptides_only,split_fractions,affinity_loss_mode,affinity_input_contract,affinity_assay_selector_inputs_forbidden,affinity_assay_residual_mode,kd_grouping_mode,affinity_target_encoding,max_affinity_nM,binding_kinetic_input_mode,binding_direct_segment_mode,init_checkpoint,synthetic_negatives,negative_ratio,batch_synthetic_fraction,synthetic_refresh_each_epoch,synthetic_modes,planned_batch_contract,class_i_anchor_strategy,binding_contrastive_weight,binding_contrastive_margin,binding_contrastive_target_gap_min,binding_contrastive_target_gap_cap,binding_contrastive_max_pairs,binding_peptide_contrastive_weight,binding_peptide_contrastive_margin,binding_peptide_contrastive_target_gap_min,binding_peptide_contrastive_target_gap_cap,binding_peptide_contrastive_max_pairs,binding_kd_family_consistency_weight,binding_proxy_cross_consistency_weight,binding_output_consistency_beta,epochs,batch_size,lr,weight_decay,lr_schedule,warmup_fraction,min_lr_scale,onecycle_pct_start,seed,train_seed,split_seed,runtime_config,test_spearman,test_pearson,test_auroc,test_auprc,test_f1,test_balanced_accuracy,test_accuracy,test_precision,test_recall,test_rmse_log10,test_loss,display_label
presto-pf07-mhcpre-20260317a-pf07_dag_prep_readout_leaf_constant-pretrain_1ep-e050-s43,presto-pf07-mhcpre-20260317a-pf07_dag_prep_readout_leaf_constant-pretrain_1ep-e050-s43,presto_pf07_dag_prep_readout_leaf_constant,"[""HLA-A*02:01"", ""HLA-A*24:02""]",False,,"[""SLLQHLIGL"", ""FLRYLLFGI"", ""NFLIKFLLI"", ""IMLEGETKL""]","[""peptide"", ""nflank"", ""cflank"", ""mhc_a"", ""mhc_b""]",concat_start_end_frac,concat_start_end_frac,"[8, 9, 10, 11]",shared,numeric_no_qualitative,,all,False,"{""test"": 0.1, ""train"": 0.8, ""val"": 0.1}",full,sequence_only,True,dag_prep_readout_leaf,split_kd_proxy,mhcflurry,100000.0,affinity_vec,off,/checkpoints/mhc-pretrain-d32-20260317a-e01/mhc_pretrain.pt,False,1.0,0.0,True,"[""peptide_scramble"", ""peptide_random"", ""mhc_scramble"", ""mhc_random"", ""no_mhc_alpha"", ""no_mhc_beta""]","{""batch_size"": 256, ""per_allele_real_slots"": {""HLA-A*02:01"": 128, ""HLA-A*24:02"": 128}, ""per_allele_slots"": {""HLA-A*02:01"": 128, ""HLA-A*24:02"": 128}, ""per_allele_synthetic_slots"": {""HLA-A*02:01"": 0, ""HLA-A*24:02"": 0}, ""synthetic_fraction"": 0.0}",none,0.0,0.2,0.3,2.0,64,0.0,0.2,0.5,2.0,128,0.0,0.0,0.25,50,256,0.001,0.01,constant,0.1,0.1,0.1,43,43,42,"{""allow_tf32"": true, ""epoch_val_metrics_frequency"": 0, ""matmul_precision"": ""high"", ""num_workers"": 0, ""persistent_workers"": false, ""pin_memory"": true, ""prefetch_factor"": 2, ""probe_plot_frequency"": ""off"", ""torch_compile"": false}",0.8376657366752625,0.8315165638923645,0.9352215528488159,0.8881480097770691,0.8333333448396518,0.8640249371528625,0.8579634428024292,0.780711829662323,0.8935611248016357,0.8768588304519653,0.03617784287780523,presto-pf07-mhcpre-20260317a-pf07_dag_prep_readout_leaf_constant-pretrain_1ep-e050-s43
presto-pf07-mhcpre-20260317a-pf07_dag_method_leaf_constant-pretrain_0ep-e050-s43,presto-pf07-mhcpre-20260317a-pf07_dag_method_leaf_constant-pretrain_0ep-e050-s43,presto_pf07_dag_method_leaf_constant,"[""HLA-A*02:01"", ""HLA-A*24:02""]",False,,"[""SLLQHLIGL"", ""FLRYLLFGI"", ""NFLIKFLLI"", ""IMLEGETKL""]","[""peptide"", ""nflank"", ""cflank"", ""mhc_a"", ""mhc_b""]",concat_start_end_frac,concat_start_end_frac,"[8, 9, 10, 11]",shared,numeric_no_qualitative,,all,False,"{""test"": 0.1, ""train"": 0.8, ""val"": 0.1}",full,sequence_only,True,dag_method_leaf,split_kd_proxy,mhcflurry,100000.0,affinity_vec,off,,False,1.0,0.0,True,"[""peptide_scramble"", ""peptide_random"", ""mhc_scramble"", ""mhc_random"", ""no_mhc_alpha"", ""no_mhc_beta""]","{""batch_size"": 256, ""per_allele_real_slots"": {""HLA-A*02:01"": 128, ""HLA-A*24:02"": 128}, ""per_allele_slots"": {""HLA-A*02:01"": 128, ""HLA-A*24:02"": 128}, ""per_allele_synthetic_slots"": {""HLA-A*02:01"": 0, ""HLA-A*24:02"": 0}, ""synthetic_fraction"": 0.0}",none,0.0,0.2,0.3,2.0,64,0.0,0.2,0.5,2.0,128,0.0,0.0,0.25,50,256,0.001,0.01,constant,0.1,0.1,0.1,43,43,42,"{""allow_tf32"": true, ""epoch_val_metrics_frequency"": 0, ""matmul_precision"": ""high"", ""num_workers"": 0, ""persistent_workers"": false, ""pin_memory"": true, ""prefetch_factor"": 2, ""probe_plot_frequency"": ""off"", ""torch_compile"": false}",0.8376380801200867,0.8315235376358032,0.9364923238754272,0.8980859518051147,0.8303735350300925,0.8614110350608826,0.8553524613380432,0.7775229215621948,0.8909329771995544,0.8850008249282837,0.03543363208882511,presto-pf07-mhcpre-20260317a-pf07_dag_method_leaf_constant-pretrain_0ep-e050-s43
presto-pf07-mhcpre-20260317a-pf07_dag_prep_readout_leaf_constant-pretrain_0ep-e050-s43,presto-pf07-mhcpre-20260317a-pf07_dag_prep_readout_leaf_constant-pretrain_0ep-e050-s43,presto_pf07_dag_prep_readout_leaf_constant,"[""HLA-A*02:01"", ""HLA-A*24:02""]",False,,"[""SLLQHLIGL"", ""FLRYLLFGI"", ""NFLIKFLLI"", ""IMLEGETKL""]","[""peptide"", ""nflank"", ""cflank"", ""mhc_a"", ""mhc_b""]",concat_start_end_frac,concat_start_end_frac,"[8, 9, 10, 11]",shared,numeric_no_qualitative,,all,False,"{""test"": 0.1, ""train"": 0.8, ""val"": 0.1}",full,sequence_only,True,dag_prep_readout_leaf,split_kd_proxy,mhcflurry,100000.0,affinity_vec,off,,False,1.0,0.0,True,"[""peptide_scramble"", ""peptide_random"", ""mhc_scramble"", ""mhc_random"", ""no_mhc_alpha"", ""no_mhc_beta""]","{""batch_size"": 256, ""per_allele_real_slots"": {""HLA-A*02:01"": 128, ""HLA-A*24:02"": 128}, ""per_allele_slots"": {""HLA-A*02:01"": 128, ""HLA-A*24:02"": 128}, ""per_allele_synthetic_slots"": {""HLA-A*02:01"": 0, ""HLA-A*24:02"": 0}, ""synthetic_fraction"": 0.0}",none,0.0,0.2,0.3,2.0,64,0.0,0.2,0.5,2.0,128,0.0,0.0,0.25,50,256,0.001,0.01,constant,0.1,0.1,0.1,43,43,42,"{""allow_tf32"": true, ""epoch_val_metrics_frequency"": 0, ""matmul_precision"": ""high"", ""num_workers"": 0, ""persistent_workers"": false, ""pin_memory"": true, ""prefetch_factor"": 2, ""probe_plot_frequency"": ""off"", ""torch_compile"": false}",0.8355749845504761,0.8330459594726562,0.9332630634307861,0.8876751661300659,0.838189720092052,0.8678959310054779,0.8637075424194336,0.7934272289276123,0.8883048892021179,0.8635795712471008,0.03550172387622297,presto-pf07-mhcpre-20260317a-pf07_dag_prep_readout_leaf_constant-pretrain_0ep-e050-s43
presto-pf07-mhcpre-20260317a-pf07_dag_prep_readout_leaf_constant-pretrain_2ep-e050-s43,presto-pf07-mhcpre-20260317a-pf07_dag_prep_readout_leaf_constant-pretrain_2ep-e050-s43,presto_pf07_dag_prep_readout_leaf_constant,"[""HLA-A*02:01"", ""HLA-A*24:02""]",False,,"[""SLLQHLIGL"", ""FLRYLLFGI"", ""NFLIKFLLI"", ""IMLEGETKL""]","[""peptide"", ""nflank"", ""cflank"", ""mhc_a"", ""mhc_b""]",concat_start_end_frac,concat_start_end_frac,"[8, 9, 10, 11]",shared,numeric_no_qualitative,,all,False,"{""test"": 0.1, ""train"": 0.8, ""val"": 0.1}",full,sequence_only,True,dag_prep_readout_leaf,split_kd_proxy,mhcflurry,100000.0,affinity_vec,off,/checkpoints/mhc-pretrain-d32-20260317a-e02/mhc_pretrain.pt,False,1.0,0.0,True,"[""peptide_scramble"", ""peptide_random"", ""mhc_scramble"", ""mhc_random"", ""no_mhc_alpha"", ""no_mhc_beta""]","{""batch_size"": 256, ""per_allele_real_slots"": {""HLA-A*02:01"": 128, ""HLA-A*24:02"": 128}, ""per_allele_slots"": {""HLA-A*02:01"": 128, ""HLA-A*24:02"": 128}, ""per_allele_synthetic_slots"": {""HLA-A*02:01"": 0, ""HLA-A*24:02"": 0}, ""synthetic_fraction"": 0.0}",none,0.0,0.2,0.3,2.0,64,0.0,0.2,0.5,2.0,128,0.0,0.0,0.25,50,256,0.001,0.01,constant,0.1,0.1,0.1,43,43,42,"{""allow_tf32"": true, ""epoch_val_metrics_frequency"": 0, ""matmul_precision"": ""high"", ""num_workers"": 0, ""persistent_workers"": false, ""pin_memory"": true, ""prefetch_factor"": 2, ""probe_plot_frequency"": ""off"", ""torch_compile"": false}",0.8346764445304871,0.8265517950057983,0.9329942464828491,0.8815076351165771,0.8374384388319192,0.8674911260604858,0.8621410131454468,0.7879490256309509,0.8935611248016357,0.8866451382637024,0.03663207218050957,presto-pf07-mhcpre-20260317a-pf07_dag_prep_readout_leaf_constant-pretrain_2ep-e050-s43
presto-pf07-mhcpre-20260317a-pf07_dag_method_leaf_constant-pretrain_2ep-e050-s43,presto-pf07-mhcpre-20260317a-pf07_dag_method_leaf_constant-pretrain_2ep-e050-s43,presto_pf07_dag_method_leaf_constant,"[""HLA-A*02:01"", ""HLA-A*24:02""]",False,,"[""SLLQHLIGL"", ""FLRYLLFGI"", ""NFLIKFLLI"", ""IMLEGETKL""]","[""peptide"", ""nflank"", ""cflank"", ""mhc_a"", ""mhc_b""]",concat_start_end_frac,concat_start_end_frac,"[8, 9, 10, 11]",shared,numeric_no_qualitative,,all,False,"{""test"": 0.1, ""train"": 0.8, ""val"": 0.1}",full,sequence_only,True,dag_method_leaf,split_kd_proxy,mhcflurry,100000.0,affinity_vec,off,/checkpoints/mhc-pretrain-d32-20260317a-e02/mhc_pretrain.pt,False,1.0,0.0,True,"[""peptide_scramble"", ""peptide_random"", ""mhc_scramble"", ""mhc_random"", ""no_mhc_alpha"", ""no_mhc_beta""]","{""batch_size"": 256, ""per_allele_real_slots"": {""HLA-A*02:01"": 128, ""HLA-A*24:02"": 128}, ""per_allele_slots"": {""HLA-A*02:01"": 128, ""HLA-A*24:02"": 128}, ""per_allele_synthetic_slots"": {""HLA-A*02:01"": 0, ""HLA-A*24:02"": 0}, ""synthetic_fraction"": 0.0}",none,0.0,0.2,0.3,2.0,64,0.0,0.2,0.5,2.0,128,0.0,0.0,0.25,50,256,0.001,0.01,constant,0.1,0.1,0.1,43,43,42,"{""allow_tf32"": true, ""epoch_val_metrics_frequency"": 0, ""matmul_precision"": ""high"", ""num_workers"": 0, ""persistent_workers"": false, ""pin_memory"": true, ""prefetch_factor"": 2, ""probe_plot_frequency"": ""off"", ""torch_compile"": false}",0.8294789791107178,0.8231412172317505,0.9325774908065796,0.8879892826080322,0.8262849774724043,0.8561223447322845,0.8605744242668152,0.8182989954948425,0.8344283699989319,0.8794493675231934,0.0357764083892107,presto-pf07-mhcpre-20260317a-pf07_dag_method_leaf_constant-pretrain_2ep-e050-s43
presto-pf07-mhcpre-20260317a-pf07_dag_method_leaf_constant-pretrain_1ep-e050-s43,presto-pf07-mhcpre-20260317a-pf07_dag_method_leaf_constant-pretrain_1ep-e050-s43,presto_pf07_dag_method_leaf_constant,"[""HLA-A*02:01"", ""HLA-A*24:02""]",False,,"[""SLLQHLIGL"", ""FLRYLLFGI"", ""NFLIKFLLI"", ""IMLEGETKL""]","[""peptide"", ""nflank"", ""cflank"", ""mhc_a"", ""mhc_b""]",concat_start_end_frac,concat_start_end_frac,"[8, 9, 10, 11]",shared,numeric_no_qualitative,,all,False,"{""test"": 0.1, ""train"": 0.8, ""val"": 0.1}",full,sequence_only,True,dag_method_leaf,split_kd_proxy,mhcflurry,100000.0,affinity_vec,off,/checkpoints/mhc-pretrain-d32-20260317a-e01/mhc_pretrain.pt,False,1.0,0.0,True,"[""peptide_scramble"", ""peptide_random"", ""mhc_scramble"", ""mhc_random"", ""no_mhc_alpha"", ""no_mhc_beta""]","{""batch_size"": 256, ""per_allele_real_slots"": {""HLA-A*02:01"": 128, ""HLA-A*24:02"": 128}, ""per_allele_slots"": {""HLA-A*02:01"": 128, ""HLA-A*24:02"": 128}, ""per_allele_synthetic_slots"": {""HLA-A*02:01"": 0, ""HLA-A*24:02"": 0}, ""synthetic_fraction"": 0.0}",none,0.0,0.2,0.3,2.0,64,0.0,0.2,0.5,2.0,128,0.0,0.0,0.25,50,256,0.001,0.01,constant,0.1,0.1,0.1,43,43,42,"{""allow_tf32"": true, ""epoch_val_metrics_frequency"": 0, ""matmul_precision"": ""high"", ""num_workers"": 0, ""persistent_workers"": false, ""pin_memory"": true, ""prefetch_factor"": 2, ""probe_plot_frequency"": ""off"", ""torch_compile"": false}",0.8227381706237793,0.8150871396064758,0.9283620715141296,0.8781298995018005,0.8276307277810434,0.8574648797512054,0.8605744242668152,0.8134517669677734,0.842312753200531,0.8962483406066895,0.03491880185902119,presto-pf07-mhcpre-20260317a-pf07_dag_method_leaf_constant-pretrain_1ep-e050-s43
presto-pf07-mhcpre-20260317a-pf07_control_constant-pretrain_0ep-e050-s43,presto-pf07-mhcpre-20260317a-pf07_control_constant-pretrain_0ep-e050-s43,presto_pf07_control_constant,"[""HLA-A*02:01"", ""HLA-A*24:02""]",False,,"[""SLLQHLIGL"", ""FLRYLLFGI"", ""NFLIKFLLI"", ""IMLEGETKL""]","[""peptide"", ""nflank"", ""cflank"", ""mhc_a"", ""mhc_b""]",concat_start_end_frac,concat_start_end_frac,"[8, 9, 10, 11]",shared,numeric_no_qualitative,,all,False,"{""test"": 0.1, ""train"": 0.8, ""val"": 0.1}",full,sequence_only,True,shared_base_factorized_context_plus_segment_residual,split_kd_proxy,mhcflurry,100000.0,affinity_vec,off,,False,1.0,0.0,True,"[""peptide_scramble"", ""peptide_random"", ""mhc_scramble"", ""mhc_random"", ""no_mhc_alpha"", ""no_mhc_beta""]","{""batch_size"": 256, ""per_allele_real_slots"": {""HLA-A*02:01"": 128, ""HLA-A*24:02"": 128}, ""per_allele_slots"": {""HLA-A*02:01"": 128, ""HLA-A*24:02"": 128}, ""per_allele_synthetic_slots"": {""HLA-A*02:01"": 0, ""HLA-A*24:02"": 0}, ""synthetic_fraction"": 0.0}",none,0.0,0.2,0.3,2.0,64,0.0,0.2,0.5,2.0,128,0.0,0.0,0.25,50,256,0.001,0.01,constant,0.1,0.1,0.1,43,43,42,"{""allow_tf32"": true, ""epoch_val_metrics_frequency"": 0, ""matmul_precision"": ""high"", ""num_workers"": 0, ""persistent_workers"": false, ""pin_memory"": true, ""prefetch_factor"": 2, ""probe_plot_frequency"": ""off"", ""torch_compile"": false}",0.8155227899551392,0.8070606589317322,0.9263306260108948,0.8777910470962524,0.8228782249028438,0.8546312153339386,0.8496083617210388,0.7734103798866272,0.8791064620018005,0.9215357303619385,0.037772032199427485,presto-pf07-mhcpre-20260317a-pf07_control_constant-pretrain_0ep-e050-s43
presto-pf07-mhcpre-20260317a-pf07_control_constant-pretrain_2ep-e050-s43,presto-pf07-mhcpre-20260317a-pf07_control_constant-pretrain_2ep-e050-s43,presto_pf07_control_constant,"[""HLA-A*02:01"", ""HLA-A*24:02""]",False,,"[""SLLQHLIGL"", ""FLRYLLFGI"", ""NFLIKFLLI"", ""IMLEGETKL""]","[""peptide"", ""nflank"", ""cflank"", ""mhc_a"", ""mhc_b""]",concat_start_end_frac,concat_start_end_frac,"[8, 9, 10, 11]",shared,numeric_no_qualitative,,all,False,"{""test"": 0.1, ""train"": 0.8, ""val"": 0.1}",full,sequence_only,True,shared_base_factorized_context_plus_segment_residual,split_kd_proxy,mhcflurry,100000.0,affinity_vec,off,/checkpoints/mhc-pretrain-d32-20260317a-e02/mhc_pretrain.pt,False,1.0,0.0,True,"[""peptide_scramble"", ""peptide_random"", ""mhc_scramble"", ""mhc_random"", ""no_mhc_alpha"", ""no_mhc_beta""]","{""batch_size"": 256, ""per_allele_real_slots"": {""HLA-A*02:01"": 128, ""HLA-A*24:02"": 128}, ""per_allele_slots"": {""HLA-A*02:01"": 128, ""HLA-A*24:02"": 128}, ""per_allele_synthetic_slots"": {""HLA-A*02:01"": 0, ""HLA-A*24:02"": 0}, ""synthetic_fraction"": 0.0}",none,0.0,0.2,0.3,2.0,64,0.0,0.2,0.5,2.0,128,0.0,0.0,0.25,50,256,0.001,0.01,constant,0.1,0.1,0.1,43,43,42,"{""allow_tf32"": true, ""epoch_val_metrics_frequency"": 0, ""matmul_precision"": ""high"", ""num_workers"": 0, ""persistent_workers"": false, ""pin_memory"": true, ""prefetch_factor"": 2, ""probe_plot_frequency"": ""off"", ""torch_compile"": false}",0.8081979155540466,0.8060104250907898,0.9254583716392517,0.885220468044281,0.8091205231183057,0.8417246043682098,0.8469973802566528,0.8023256063461304,0.8160315155982971,0.9160945415496826,0.035956572741270065,presto-pf07-mhcpre-20260317a-pf07_control_constant-pretrain_2ep-e050-s43
presto-pf07-mhcpre-20260317a-pf07_control_constant-pretrain_1ep-e050-s43,presto-pf07-mhcpre-20260317a-pf07_control_constant-pretrain_1ep-e050-s43,presto_pf07_control_constant,"[""HLA-A*02:01"", ""HLA-A*24:02""]",False,,"[""SLLQHLIGL"", ""FLRYLLFGI"", ""NFLIKFLLI"", ""IMLEGETKL""]","[""peptide"", ""nflank"", ""cflank"", ""mhc_a"", ""mhc_b""]",concat_start_end_frac,concat_start_end_frac,"[8, 9, 10, 11]",shared,numeric_no_qualitative,,all,False,"{""test"": 0.1, ""train"": 0.8, ""val"": 0.1}",full,sequence_only,True,shared_base_factorized_context_plus_segment_residual,split_kd_proxy,mhcflurry,100000.0,affinity_vec,off,/checkpoints/mhc-pretrain-d32-20260317a-e01/mhc_pretrain.pt,False,1.0,0.0,True,"[""peptide_scramble"", ""peptide_random"", ""mhc_scramble"", ""mhc_random"", ""no_mhc_alpha"", ""no_mhc_beta""]","{""batch_size"": 256, ""per_allele_real_slots"": {""HLA-A*02:01"": 128, ""HLA-A*24:02"": 128}, ""per_allele_slots"": {""HLA-A*02:01"": 128, ""HLA-A*24:02"": 128}, ""per_allele_synthetic_slots"": {""HLA-A*02:01"": 0, ""HLA-A*24:02"": 0}, ""synthetic_fraction"": 0.0}",none,0.0,0.2,0.3,2.0,64,0.0,0.2,0.5,2.0,128,0.0,0.0,0.25,50,256,0.001,0.01,constant,0.1,0.1,0.1,43,43,42,"{""allow_tf32"": true, ""epoch_val_metrics_frequency"": 0, ""matmul_precision"": ""high"", ""num_workers"": 0, ""persistent_workers"": false, ""pin_memory"": true, ""prefetch_factor"": 2, ""probe_plot_frequency"": ""off"", ""torch_compile"": false}",0.8001935482025146,0.8003536462783813,0.9196795225143433,0.8556088209152222,0.8290816195066149,0.8590453565120697,0.860052227973938,0.805452287197113,0.8541392683982849,0.9290460348129272,0.03694465127773583,presto-pf07-mhcpre-20260317a-pf07_control_constant-pretrain_1ep-e050-s43
