label,run_id,warm_start,allele,epoch,ic50_log10,ic50_nM,peptide
c01_mhcflurry_additive_max200k_cold,dist-ba-regwarm-20ep-c01,False,HLA-A*01:01,20,3.91836667060852,8286.412109375,FLRYLLFGI
c01_mhcflurry_additive_max200k_cold,dist-ba-regwarm-20ep-c01,False,HLA-A*01:01,20,3.938632488250732,8682.255859375,IMLEGETKL
c01_mhcflurry_additive_max200k_cold,dist-ba-regwarm-20ep-c01,False,HLA-A*01:01,20,4.440465927124023,27571.8515625,NFLIKFLLI
c01_mhcflurry_additive_max200k_cold,dist-ba-regwarm-20ep-c01,False,HLA-A*01:01,20,4.089313983917236,12283.27734375,SLLQHLIGL
c01_mhcflurry_additive_max200k_cold,dist-ba-regwarm-20ep-c01,False,HLA-A*02:01,20,1.799811005592346,63.068275451660156,FLRYLLFGI
c01_mhcflurry_additive_max200k_cold,dist-ba-regwarm-20ep-c01,False,HLA-A*02:01,20,1.582689523696899,38.25511932373047,IMLEGETKL
c01_mhcflurry_additive_max200k_cold,dist-ba-regwarm-20ep-c01,False,HLA-A*02:01,20,3.596260547637939,3946.94140625,NFLIKFLLI
c01_mhcflurry_additive_max200k_cold,dist-ba-regwarm-20ep-c01,False,HLA-A*02:01,20,1.445606470108032,27.900142669677734,SLLQHLIGL
c01_mhcflurry_additive_max200k_cold,dist-ba-regwarm-20ep-c01,False,HLA-A*03:01,20,3.132469415664673,1356.6546630859375,FLRYLLFGI
c01_mhcflurry_additive_max200k_cold,dist-ba-regwarm-20ep-c01,False,HLA-A*03:01,20,3.057940483093261,1142.7218017578125,IMLEGETKL
c01_mhcflurry_additive_max200k_cold,dist-ba-regwarm-20ep-c01,False,HLA-A*03:01,20,4.165685653686523,14644.8779296875,NFLIKFLLI
c01_mhcflurry_additive_max200k_cold,dist-ba-regwarm-20ep-c01,False,HLA-A*03:01,20,3.111133098602295,1291.614990234375,SLLQHLIGL
c01_mhcflurry_additive_max200k_cold,dist-ba-regwarm-20ep-c01,False,HLA-A*11:01,20,3.074326276779175,1186.6597900390625,FLRYLLFGI
c01_mhcflurry_additive_max200k_cold,dist-ba-regwarm-20ep-c01,False,HLA-A*11:01,20,3.066204309463501,1164.673828125,IMLEGETKL
c01_mhcflurry_additive_max200k_cold,dist-ba-regwarm-20ep-c01,False,HLA-A*11:01,20,4.075568199157715,11900.5712890625,NFLIKFLLI
c01_mhcflurry_additive_max200k_cold,dist-ba-regwarm-20ep-c01,False,HLA-A*11:01,20,3.162987232208252,1455.416259765625,SLLQHLIGL
c01_mhcflurry_additive_max200k_cold,dist-ba-regwarm-20ep-c01,False,HLA-A*24:02,20,3.067406892776489,1167.9033203125,FLRYLLFGI
c01_mhcflurry_additive_max200k_cold,dist-ba-regwarm-20ep-c01,False,HLA-A*24:02,20,3.000096559524536,1000.2225341796875,IMLEGETKL
c01_mhcflurry_additive_max200k_cold,dist-ba-regwarm-20ep-c01,False,HLA-A*24:02,20,4.101945400238037,12645.7705078125,NFLIKFLLI
c01_mhcflurry_additive_max200k_cold,dist-ba-regwarm-20ep-c01,False,HLA-A*24:02,20,3.05894660949707,1145.3719482421875,SLLQHLIGL
c01_mhcflurry_additive_max200k_cold,dist-ba-regwarm-20ep-c01,False,HLA-B*07:02,20,3.979497194290161,9538.8740234375,FLRYLLFGI
c01_mhcflurry_additive_max200k_cold,dist-ba-regwarm-20ep-c01,False,HLA-B*07:02,20,4.040974140167236,10989.400390625,IMLEGETKL
c01_mhcflurry_additive_max200k_cold,dist-ba-regwarm-20ep-c01,False,HLA-B*07:02,20,4.43025541305542,26931.185546875,NFLIKFLLI
c01_mhcflurry_additive_max200k_cold,dist-ba-regwarm-20ep-c01,False,HLA-B*07:02,20,4.210680484771728,16243.5244140625,SLLQHLIGL
c01_mhcflurry_additive_max200k_cold,dist-ba-regwarm-20ep-c01,False,HLA-B*44:02,20,4.188721656799316,15442.6416015625,FLRYLLFGI
c01_mhcflurry_additive_max200k_cold,dist-ba-regwarm-20ep-c01,False,HLA-B*44:02,20,4.218301773071289,16531.09765625,IMLEGETKL
c01_mhcflurry_additive_max200k_cold,dist-ba-regwarm-20ep-c01,False,HLA-B*44:02,20,4.514212131500244,32674.7578125,NFLIKFLLI
c01_mhcflurry_additive_max200k_cold,dist-ba-regwarm-20ep-c01,False,HLA-B*44:02,20,4.38498067855835,24265.0234375,SLLQHLIGL
c02_mhcflurry_additive_max200k_warm,dist-ba-regwarm-20ep-c02,True,HLA-A*01:01,20,2.029671192169189,107.07083129882812,FLRYLLFGI
c02_mhcflurry_additive_max200k_warm,dist-ba-regwarm-20ep-c02,True,HLA-A*01:01,20,2.871588230133056,744.0261840820312,IMLEGETKL
c02_mhcflurry_additive_max200k_warm,dist-ba-regwarm-20ep-c02,True,HLA-A*01:01,20,3.8227558135986333,6648.99267578125,NFLIKFLLI
c02_mhcflurry_additive_max200k_warm,dist-ba-regwarm-20ep-c02,True,HLA-A*01:01,20,2.127544641494751,134.13572692871094,SLLQHLIGL
c02_mhcflurry_additive_max200k_warm,dist-ba-regwarm-20ep-c02,True,HLA-A*02:01,20,1.9993840456008911,99.85824584960938,FLRYLLFGI
c02_mhcflurry_additive_max200k_warm,dist-ba-regwarm-20ep-c02,True,HLA-A*02:01,20,2.867324352264404,736.7569580078125,IMLEGETKL
c02_mhcflurry_additive_max200k_warm,dist-ba-regwarm-20ep-c02,True,HLA-A*02:01,20,3.844875574111938,6996.4169921875,NFLIKFLLI
c02_mhcflurry_additive_max200k_warm,dist-ba-regwarm-20ep-c02,True,HLA-A*02:01,20,2.098964929580688,125.5927963256836,SLLQHLIGL
c02_mhcflurry_additive_max200k_warm,dist-ba-regwarm-20ep-c02,True,HLA-A*03:01,20,2.021964311599731,105.18757629394531,FLRYLLFGI
c02_mhcflurry_additive_max200k_warm,dist-ba-regwarm-20ep-c02,True,HLA-A*03:01,20,2.873258590698242,746.8930053710938,IMLEGETKL
c02_mhcflurry_additive_max200k_warm,dist-ba-regwarm-20ep-c02,True,HLA-A*03:01,20,3.8332643508911133,6811.8369140625,NFLIKFLLI
c02_mhcflurry_additive_max200k_warm,dist-ba-regwarm-20ep-c02,True,HLA-A*03:01,20,2.120575666427612,132.00048828125,SLLQHLIGL
c02_mhcflurry_additive_max200k_warm,dist-ba-regwarm-20ep-c02,True,HLA-A*11:01,20,2.001553058624267,100.35823822021484,FLRYLLFGI
c02_mhcflurry_additive_max200k_warm,dist-ba-regwarm-20ep-c02,True,HLA-A*11:01,20,2.845368146896362,700.4353637695312,IMLEGETKL
c02_mhcflurry_additive_max200k_warm,dist-ba-regwarm-20ep-c02,True,HLA-A*11:01,20,3.8052411079406743,6386.17626953125,NFLIKFLLI
c02_mhcflurry_additive_max200k_warm,dist-ba-regwarm-20ep-c02,True,HLA-A*11:01,20,2.098843097686767,125.55762481689453,SLLQHLIGL
c02_mhcflurry_additive_max200k_warm,dist-ba-regwarm-20ep-c02,True,HLA-A*24:02,20,2.010684251785278,102.4906234741211,FLRYLLFGI
c02_mhcflurry_additive_max200k_warm,dist-ba-regwarm-20ep-c02,True,HLA-A*24:02,20,2.874105930328369,748.351806640625,IMLEGETKL
c02_mhcflurry_additive_max200k_warm,dist-ba-regwarm-20ep-c02,True,HLA-A*24:02,20,3.845515489578247,7006.73193359375,NFLIKFLLI
c02_mhcflurry_additive_max200k_warm,dist-ba-regwarm-20ep-c02,True,HLA-A*24:02,20,2.11037540435791,128.93630981445312,SLLQHLIGL
c02_mhcflurry_additive_max200k_warm,dist-ba-regwarm-20ep-c02,True,HLA-B*07:02,20,2.008291959762573,101.92764282226562,FLRYLLFGI
c02_mhcflurry_additive_max200k_warm,dist-ba-regwarm-20ep-c02,True,HLA-B*07:02,20,2.840070486068725,691.9429321289062,IMLEGETKL
c02_mhcflurry_additive_max200k_warm,dist-ba-regwarm-20ep-c02,True,HLA-B*07:02,20,3.789529323577881,6159.2734375,NFLIKFLLI
c02_mhcflurry_additive_max200k_warm,dist-ba-regwarm-20ep-c02,True,HLA-B*07:02,20,2.104412078857422,127.1780014038086,SLLQHLIGL
c02_mhcflurry_additive_max200k_warm,dist-ba-regwarm-20ep-c02,True,HLA-B*44:02,20,2.052484989166259,112.84566497802734,FLRYLLFGI
c02_mhcflurry_additive_max200k_warm,dist-ba-regwarm-20ep-c02,True,HLA-B*44:02,20,2.8944673538208012,784.2730712890625,IMLEGETKL
c02_mhcflurry_additive_max200k_warm,dist-ba-regwarm-20ep-c02,True,HLA-B*44:02,20,3.840143680572509,6920.59521484375,NFLIKFLLI
c02_mhcflurry_additive_max200k_warm,dist-ba-regwarm-20ep-c02,True,HLA-B*44:02,20,2.150709867477417,141.4848175048828,SLLQHLIGL
c03_log_mse_additive_max200k_cold,dist-ba-regwarm-20ep-c03,False,HLA-A*01:01,20,2.459769487380981,288.25006103515625,FLRYLLFGI
c03_log_mse_additive_max200k_cold,dist-ba-regwarm-20ep-c03,False,HLA-A*01:01,20,2.59586238861084,394.3321533203125,IMLEGETKL
c03_log_mse_additive_max200k_cold,dist-ba-regwarm-20ep-c03,False,HLA-A*01:01,20,4.219926834106445,16593.0703125,NFLIKFLLI
c03_log_mse_additive_max200k_cold,dist-ba-regwarm-20ep-c03,False,HLA-A*01:01,20,2.436574220657348,273.2588195800781,SLLQHLIGL
c03_log_mse_additive_max200k_cold,dist-ba-regwarm-20ep-c03,False,HLA-A*02:01,20,2.316347360610962,207.1797332763672,FLRYLLFGI
c03_log_mse_additive_max200k_cold,dist-ba-regwarm-20ep-c03,False,HLA-A*02:01,20,2.453176736831665,283.9073181152344,IMLEGETKL
c03_log_mse_additive_max200k_cold,dist-ba-regwarm-20ep-c03,False,HLA-A*02:01,20,4.095328330993652,12454.556640625,NFLIKFLLI
c03_log_mse_additive_max200k_cold,dist-ba-regwarm-20ep-c03,False,HLA-A*02:01,20,2.292671680450439,196.1875762939453,SLLQHLIGL
c03_log_mse_additive_max200k_cold,dist-ba-regwarm-20ep-c03,False,HLA-A*03:01,20,2.407559871673584,255.59945678710938,FLRYLLFGI
c03_log_mse_additive_max200k_cold,dist-ba-regwarm-20ep-c03,False,HLA-A*03:01,20,2.544466257095337,350.321044921875,IMLEGETKL
c03_log_mse_additive_max200k_cold,dist-ba-regwarm-20ep-c03,False,HLA-A*03:01,20,4.180294990539551,15145.88671875,NFLIKFLLI
c03_log_mse_additive_max200k_cold,dist-ba-regwarm-20ep-c03,False,HLA-A*03:01,20,2.383925199508667,242.06121826171875,SLLQHLIGL
c03_log_mse_additive_max200k_cold,dist-ba-regwarm-20ep-c03,False,HLA-A*11:01,20,2.231582641601562,170.44430541992188,FLRYLLFGI
c03_log_mse_additive_max200k_cold,dist-ba-regwarm-20ep-c03,False,HLA-A*11:01,20,2.361586809158325,229.92530822753906,IMLEGETKL
c03_log_mse_additive_max200k_cold,dist-ba-regwarm-20ep-c03,False,HLA-A*11:01,20,3.978327989578247,9513.2255859375,NFLIKFLLI
c03_log_mse_additive_max200k_cold,dist-ba-regwarm-20ep-c03,False,HLA-A*11:01,20,2.210314750671386,162.29855346679688,SLLQHLIGL
c03_log_mse_additive_max200k_cold,dist-ba-regwarm-20ep-c03,False,HLA-A*24:02,20,2.32787823677063,212.75418090820312,FLRYLLFGI
c03_log_mse_additive_max200k_cold,dist-ba-regwarm-20ep-c03,False,HLA-A*24:02,20,2.459980010986328,288.38983154296875,IMLEGETKL
c03_log_mse_additive_max200k_cold,dist-ba-regwarm-20ep-c03,False,HLA-A*24:02,20,4.077812671661377,11962.2421875,NFLIKFLLI
c03_log_mse_additive_max200k_cold,dist-ba-regwarm-20ep-c03,False,HLA-A*24:02,20,2.3062853813171382,202.43484497070312,SLLQHLIGL
c03_log_mse_additive_max200k_cold,dist-ba-regwarm-20ep-c03,False,HLA-B*07:02,20,2.24555492401123,176.01715087890625,FLRYLLFGI
c03_log_mse_additive_max200k_cold,dist-ba-regwarm-20ep-c03,False,HLA-B*07:02,20,2.374236106872558,236.72048950195312,IMLEGETKL
c03_log_mse_additive_max200k_cold,dist-ba-regwarm-20ep-c03,False,HLA-B*07:02,20,3.987742662429809,9721.708984375,NFLIKFLLI
c03_log_mse_additive_max200k_cold,dist-ba-regwarm-20ep-c03,False,HLA-B*07:02,20,2.223434209823608,167.27626037597656,SLLQHLIGL
c03_log_mse_additive_max200k_cold,dist-ba-regwarm-20ep-c03,False,HLA-B*44:02,20,2.30838942527771,203.41793823242188,FLRYLLFGI
c03_log_mse_additive_max200k_cold,dist-ba-regwarm-20ep-c03,False,HLA-B*44:02,20,2.438692808151245,274.594970703125,IMLEGETKL
c03_log_mse_additive_max200k_cold,dist-ba-regwarm-20ep-c03,False,HLA-B*44:02,20,4.054224967956543,11329.859375,NFLIKFLLI
c03_log_mse_additive_max200k_cold,dist-ba-regwarm-20ep-c03,False,HLA-B*44:02,20,2.285902738571167,193.15350341796875,SLLQHLIGL
c04_log_mse_additive_max200k_warm,dist-ba-regwarm-20ep-c04,True,HLA-A*01:01,20,2.222761154174804,167.01719665527344,FLRYLLFGI
c04_log_mse_additive_max200k_warm,dist-ba-regwarm-20ep-c04,True,HLA-A*01:01,20,3.005059003829956,1011.7169189453125,IMLEGETKL
c04_log_mse_additive_max200k_warm,dist-ba-regwarm-20ep-c04,True,HLA-A*01:01,20,4.023588180541992,10558.1552734375,NFLIKFLLI
c04_log_mse_additive_max200k_warm,dist-ba-regwarm-20ep-c04,True,HLA-A*01:01,20,2.333595752716064,215.57374572753906,SLLQHLIGL
c04_log_mse_additive_max200k_warm,dist-ba-regwarm-20ep-c04,True,HLA-A*02:01,20,2.225810289382934,168.1938934326172,FLRYLLFGI
c04_log_mse_additive_max200k_warm,dist-ba-regwarm-20ep-c04,True,HLA-A*02:01,20,3.009284734725952,1021.6088256835938,IMLEGETKL
c04_log_mse_additive_max200k_warm,dist-ba-regwarm-20ep-c04,True,HLA-A*02:01,20,4.029528141021728,10703.5615234375,NFLIKFLLI
c04_log_mse_additive_max200k_warm,dist-ba-regwarm-20ep-c04,True,HLA-A*02:01,20,2.336868047714233,217.2041015625,SLLQHLIGL
c04_log_mse_additive_max200k_warm,dist-ba-regwarm-20ep-c04,True,HLA-A*03:01,20,2.230029582977295,169.8359375,FLRYLLFGI
c04_log_mse_additive_max200k_warm,dist-ba-regwarm-20ep-c04,True,HLA-A*03:01,20,3.012744903564453,1029.78076171875,IMLEGETKL
c04_log_mse_additive_max200k_warm,dist-ba-regwarm-20ep-c04,True,HLA-A*03:01,20,4.031731128692627,10757.978515625,NFLIKFLLI
c04_log_mse_additive_max200k_warm,dist-ba-regwarm-20ep-c04,True,HLA-A*03:01,20,2.34096360206604,219.2621307373047,SLLQHLIGL
c04_log_mse_additive_max200k_warm,dist-ba-regwarm-20ep-c04,True,HLA-A*11:01,20,2.225619077682495,168.11984252929688,FLRYLLFGI
c04_log_mse_additive_max200k_warm,dist-ba-regwarm-20ep-c04,True,HLA-A*11:01,20,3.008114337921142,1018.8590087890625,IMLEGETKL
c04_log_mse_additive_max200k_warm,dist-ba-regwarm-20ep-c04,True,HLA-A*11:01,20,4.026874542236328,10638.36328125,NFLIKFLLI
c04_log_mse_additive_max200k_warm,dist-ba-regwarm-20ep-c04,True,HLA-A*11:01,20,2.336505651473999,217.02291870117188,SLLQHLIGL
c04_log_mse_additive_max200k_warm,dist-ba-regwarm-20ep-c04,True,HLA-A*24:02,20,2.231272459030151,170.32261657714844,FLRYLLFGI
c04_log_mse_additive_max200k_warm,dist-ba-regwarm-20ep-c04,True,HLA-A*24:02,20,3.014398336410522,1033.708984375,IMLEGETKL
c04_log_mse_additive_max200k_warm,dist-ba-regwarm-20ep-c04,True,HLA-A*24:02,20,4.033950328826904,10813.10546875,NFLIKFLLI
c04_log_mse_additive_max200k_warm,dist-ba-regwarm-20ep-c04,True,HLA-A*24:02,20,2.342276573181152,219.92596435546875,SLLQHLIGL
c04_log_mse_additive_max200k_warm,dist-ba-regwarm-20ep-c04,True,HLA-B*07:02,20,2.215480327606201,164.240478515625,FLRYLLFGI
c04_log_mse_additive_max200k_warm,dist-ba-regwarm-20ep-c04,True,HLA-B*07:02,20,2.997268676757812,993.730224609375,IMLEGETKL
c04_log_mse_additive_max200k_warm,dist-ba-regwarm-20ep-c04,True,HLA-B*07:02,20,4.015169620513916,10355.462890625,NFLIKFLLI
c04_log_mse_additive_max200k_warm,dist-ba-regwarm-20ep-c04,True,HLA-B*07:02,20,2.326223373413086,211.94509887695312,SLLQHLIGL
c04_log_mse_additive_max200k_warm,dist-ba-regwarm-20ep-c04,True,HLA-B*44:02,20,2.240668296813965,174.04771423339844,FLRYLLFGI
c04_log_mse_additive_max200k_warm,dist-ba-regwarm-20ep-c04,True,HLA-B*44:02,20,3.023000717163086,1054.388427734375,IMLEGETKL
c04_log_mse_additive_max200k_warm,dist-ba-regwarm-20ep-c04,True,HLA-B*44:02,20,4.041072368621826,10991.880859375,NFLIKFLLI
c04_log_mse_additive_max200k_warm,dist-ba-regwarm-20ep-c04,True,HLA-B*44:02,20,2.351584434509277,224.69041442871094,SLLQHLIGL
